%time,field.header.seq,field.header.stamp,field.header.frame_id,field.values0,field.values1,field.values2,field.values3,field.values4,field.values5,field.values6
1735739965877963776,79,1735739965,,0.015381299890577793,-0.0011899529490619898,0.00011874431947944686,1.0,-0.0,0.0,0.0
1735739965891688448,80,1735739965,,0.016005754470825195,-0.0012337754014879465,0.00017880821542348713,1.0,-0.0,0.0,0.0
1735739965899529216,81,1735739965,,0.0166306272149086,-0.0012774018105119467,0.00027170905377715826,0.9999990463256836,-0.0,0.0,0.0013837706064805388
1735739965910646016,82,1735739965,,0.017255976796150208,-0.0013208882883191109,0.0003761008847504854,1.0,-0.0,0.0,0.0
1735739965921153024,83,1735739965,,0.01788199320435524,-0.001364256488159299,0.0004744600737467408,0.9999990463256836,0.0,0.0,0.0013837706064805388
1735739965932127488,84,1735739965,,0.018571460619568825,-0.0014118743129074574,0.0005965468590147793,0.9999990463256836,0.0,0.0,0.0013837706064805388
1735739965940076544,85,1735739965,,0.019198760390281677,-0.0014553888468071818,0.0007292862283065915,0.9999961256980896,0.0,0.0,0.0027675412129610777
1735739965948220416,86,1735739965,,0.019826283678412437,-0.0014994435478001833,0.0008636507554911077,0.9999961256980896,0.0,-0.0,0.0027675412129610777
1735739965959215872,87,1735739965,,0.020453816279768944,-0.0015444359742105007,0.0009823632426559925,0.9999961256980896,0.0,-0.0,0.0027675412129610777
1735739965969591040,88,1735739965,,0.021080996841192245,-0.0015906625194475055,0.0011039983946830034,0.9999990463256836,0.0,-0.0,0.0013837706064805388
1735739965979926784,89,1735739965,,0.02170751430094242,-0.0016381811583414674,0.0012486070627346635,0.9999980926513672,0.0013837706064805388,-0.0,0.0013837706064805388
1735739965987911424,90,1735739965,,0.02233302779495716,-0.0016875442815944552,0.001403682748787105,0.9999980926513672,0.0013837706064805388,-0.0,0.0013837706064805388
1735739966017174528,91,1735739966,,0.02233302779495716,-0.0016875442815944552,0.001403682748787105,0.9999980926513672,0.0013837706064805388,-0.0,0.0013837706064805388
1735739966022486272,92,1735739966,,0.02295728214085102,-0.001739501953125,0.0015652088914066553,0.9999971389770508,0.0013837706064805388,-0.0013837706064805388,0.0013837706064805388
1735739966028809472,93,1735739966,,0.02358013577759266,-0.0017948751337826252,0.0017433178145438433,0.9999942183494568,0.0027675412129610777,-0.0013837706064805388,0.0013837706064805388
1735739966036827648,94,1735739966,,0.02420113794505596,-0.0018546986393630505,0.001949165016412735,0.9999942183494568,0.0027675412129610777,-0.0013837706064805388,0.0013837706064805388
1735739966042866176,95,1735739966,,0.024819478392601013,-0.0019203904084861279,0.0022072007413953543,0.9999837279319763,0.004151311703026295,-0.0027675412129610777,0.0027675412129610777
1735739966050954496,96,1735739966,,0.025433793663978577,-0.001994698541238904,0.00253484258428216,0.9999769926071167,0.005535082425922155,-0.0027675412129610777,0.0027675412129610777
1735739966058604032,97,1735739966,,0.02604295313358307,-0.002080413745716214,0.00292796129360795,0.999968409538269,0.006918853148818016,-0.0027675412129610777,0.0027675412129610777
1735739966069549824,98,1735739966,,0.02664615400135517,-0.0021800559479743242,0.0033767283894121647,0.9999454021453857,0.009686394594609737,-0.0027675412129610777,0.0027675412129610777
1735739966079971584,99,1735739966,,0.02724272944033146,-0.002297270344570279,0.003871497232466936,0.9999215006828308,0.01107016485184431,-0.004151311703026295,0.004151311703026295
1735739966090755584,100,1735739966,,0.0278317891061306,-0.0024365060962736607,0.004410631954669952,0.999880313873291,0.013837706297636032,-0.005535082425922155,0.004151311703026295
1735739966098661120,101,1735739966,,0.028411725535988808,-0.002602061489596963,0.005007300525903702,0.9998602271080017,0.015221476554870605,-0.005535082425922155,0.004151311703026295
1735739966109172224,102,1735739966,,0.02898063138127327,-0.0027973176911473274,0.005660668946802616,0.9998228549957275,0.01660524681210518,-0.006918853148818016,0.005535082425922155
1735739966119633664,103,1735739966,,0.02953651361167431,-0.003024894976988435,0.00635885912925005,0.9998123049736023,0.01660524681210518,-0.00830262340605259,0.005535082425922155
1735739966130915072,104,1735739966,,0.03007681481540203,-0.0032868755515664816,0.007102930918335915,0.999799907207489,0.01660524681210518,-0.009686394594609737,0.005535082425922155
1735739966139027968,105,1735739966,,0.03059864044189453,-0.00358321494422853,0.007893835194408894,0.9998075366020203,0.015221476554870605,-0.01107016485184431,0.005535082425922155
1735739966149145856,106,1735739966,,0.03109932504594326,-0.003911916632205248,0.008734478615224361,0.9998276233673096,0.013837706297636032,-0.01107016485184431,0.005535082425922155
1735739966159235584,107,1735739966,,0.031577352434396744,-0.0042697046883404255,0.009622965008020401,0.9998621344566345,0.01107016485184431,-0.01107016485184431,0.005535082425922155
1735739966169669120,108,1735739966,,0.03203196078538895,-0.004653261508792639,0.010566786862909794,0.9998764991760254,0.009686394594609737,-0.01107016485184431,0.005535082425922155
1735739966177488128,109,1735739966,,0.03246258571743965,-0.005058944690972567,0.011574096977710724,0.9998994469642639,0.006918853148818016,-0.01107016485184431,0.005535082425922155
1735739966188256256,110,1735739966,,0.03286934271454811,-0.005482321605086327,0.012628098949790001,0.9998918175697327,0.005535082425922155,-0.012453935109078884,0.005535082425922155
1735739966199712256,111,1735739966,,0.03325186297297478,-0.005919471383094788,0.013718396425247192,0.9998984932899475,0.004151311703026295,-0.012453935109078884,0.005535082425922155
1735739966207793664,112,1735739966,,0.033609386533498764,-0.006367380730807781,0.01485002227127552,0.9998984932899475,0.004151311703026295,-0.012453935109078884,0.005535082425922155
1735739966217677568,113,1735739966,,0.033941905945539474,-0.006823724135756493,0.016025038436055183,0.9999195337295532,0.0027675412129610777,-0.01107016485184431,0.005535082425922155
1735739966230971392,114,1735739966,,0.03425031155347824,-0.007287113461643457,0.01724366471171379,0.9999205470085144,0.004151311703026295,-0.009686394594609737,0.006918853148818016
1735739966239228416,115,1735739966,,0.034536439925432205,-0.007757844403386116,0.01851208694279194,0.9999138116836548,0.005535082425922155,-0.009686394594609737,0.006918853148818016
1735739966249372672,116,1735739966,,0.034802213311195374,-0.008238610811531544,0.019832298159599304,0.9998841285705566,0.00830262340605259,-0.009686394594609737,0.00830262340605259
1735739966262362112,117,1735739966,,0.035048484802246094,-0.008733856491744518,0.02120130881667137,0.9998449087142944,0.01107016485184431,-0.009686394594609737,0.009686394594609737
1735739966267824640,118,1735739966,,0.03527490422129631,-0.009249024093151093,0.0226187314838171,0.9997816681861877,0.013837706297636032,-0.01107016485184431,0.01107016485184431
1735739966278076160,119,1735739966,,0.03548077121376991,-0.009789426811039448,0.0240782443434,0.9997615814208984,0.015221476554870605,-0.01107016485184431,0.01107016485184431
1735739966288240128,120,1735739966,,0.03566509857773781,-0.01035895012319088,0.025577429682016373,0.9997453093528748,0.015221476554870605,-0.01107016485184431,0.012453935109078884
1735739966303738880,121,1735739966,,0.035826295614242554,-0.010959688574075699,0.02712724171578884,0.9997290372848511,0.015221476554870605,-0.012453935109078884,0.012453935109078884
1735739966309096704,122,1735739966,,0.035962410271167755,-0.011591631919145584,0.028728773817420006,0.9997127056121826,0.013837706297636032,-0.013837706297636032,0.013837706297636032
1735739966319725312,123,1735739966,,0.036071207374334335,-0.01225307397544384,0.03037089854478836,0.9997107982635498,0.012453935109078884,-0.015221476554870605,0.013837706297636032
1735739966330491904,124,1735739966,,0.03615008667111397,-0.01294110156595707,0.03204745799303055,0.9996993541717529,0.009686394594609737,-0.01660524681210518,0.015221476554870605
1735739966344227072,125,1735739966,,0.036196473985910416,-0.013652173802256584,0.0337551049888134,0.9996657967567444,0.00830262340605259,-0.017989017069339752,0.01660524681210518
1735739966350701312,126,1735739966,,0.03620823472738266,-0.014382628723978996,0.03549300879240036,0.9996763467788696,0.006918853148818016,-0.017989017069339752,0.01660524681210518
1735739966358477568,127,1735739966,,0.03618359938263893,-0.015128918923437595,0.03727039322257042,0.9996677041053772,0.004151311703026295,-0.017989017069339752,0.017989017069339752
1735739966368386304,128,1735739966,,0.03612150624394417,-0.015887551009655,0.03909822553396225,0.9996466636657715,0.0027675412129610777,-0.017989017069339752,0.019372789189219475
1735739966378107136,129,1735739966,,0.036022163927555084,-0.016655294224619865,0.04097459837794304,0.9996188879013062,0.0027675412129610777,-0.017989017069339752,0.020756559446454048
1735739966387979008,130,1735739966,,0.03588656336069107,-0.017429905012249947,0.04289277270436287,0.9996427893638611,0.0027675412129610777,-0.01660524681210518,0.020756559446454048
1735739966398204928,131,1735739966,,0.03571591153740883,-0.018210092559456825,0.04485500231385231,0.9996160268783569,0.0013837706064805388,-0.01660524681210518,0.02214032970368862
1735739966408214272,132,1735739966,,0.03551168739795685,-0.01899476908147335,0.04686392471194267,0.9996064305305481,0.0013837706064805388,-0.015221476554870605,0.023524099960923195
1735739966419039744,133,1735739966,,0.03527546301484108,-0.019782669842243195,0.04891544580459595,0.999573826789856,0.0,-0.015221476554870605,0.024907870218157768
1735739966429574400,134,1735739966,,0.03500838205218315,-0.020572246983647346,0.051008403301239014,0.999537467956543,-0.0013837706064805388,-0.015221476554870605,0.02629164233803749
1735739966437554688,135,1735739966,,0.03471118584275246,-0.021361524239182472,0.05314192548394203,0.9995173811912537,-0.0027675412129610777,-0.013837706297636032,0.027675412595272064
1735739966448058880,136,1735739966,,0.03438430279493332,-0.022147849202156067,0.055316198617219925,0.9994732737541199,-0.004151311703026295,-0.013837706297636032,0.029059182852506638
1735739966461460480,137,1735739966,,0.034027572721242905,-0.02292754501104355,0.05753931403160095,0.9994579553604126,-0.006918853148818016,-0.013837706297636032,0.029059182852506638
1735739966469263872,138,1735739966,,0.03364075347781181,-0.023696191608905792,0.0598163828253746,0.9994062185287476,-0.00830262340605259,-0.013837706297636032,0.03044295310974121
1735739966478467328,139,1735739966,,0.033224038779735565,-0.02444939874112606,0.06214549019932747,0.9993506669998169,-0.009686394594609737,-0.013837706297636032,0.031826723366975784
1735739966489014016,140,1735739966,,0.0327778123319149,-0.025183526799082756,0.06452928483486176,0.9992912411689758,-0.01107016485184431,-0.013837706297636032,0.03321049362421036
1735739966500574208,141,1735739966,,0.03230294957756996,-0.025896169245243073,0.06696628034114838,0.9992625117301941,-0.01107016485184431,-0.012453935109078884,0.03459426388144493
1735739966508971008,142,1735739966,,0.03180069103837013,-0.026586240157485008,0.0694485455751419,0.9992625117301941,-0.01107016485184431,-0.012453935109078884,0.03459426388144493
1735739966519148800,143,1735739966,,0.03127232939004898,-0.027253424748778343,0.07197713106870651,0.9992299675941467,-0.01107016485184431,-0.01107016485184431,0.035978034138679504
1735739966529655552,144,1735739966,,0.03071979619562626,-0.027897842228412628,0.07455678284168243,0.999193549156189,-0.01107016485184431,-0.009686394594609737,0.03736180439591408
1735739966537663744,145,1735739966,,0.03014613315463066,-0.028519798070192337,0.07719016820192337,0.9992164969444275,-0.01107016485184431,-0.006918853148818016,0.03736180439591408
1735739966550713344,146,1735739966,,0.029555587098002434,-0.029119769111275673,0.07987517863512039,0.999193549156189,-0.009686394594609737,-0.004151311703026295,0.03874557837843895
1735739966560301568,147,1735739966,,0.02895292267203331,-0.029698587954044342,0.0826048031449318,0.999198317527771,-0.009686394594609737,-0.0027675412129610777,0.03874557837843895
1735739966568216832,148,1735739966,,0.028342818841338158,-0.030257465317845345,0.0853709802031517,0.9991599917411804,-0.00830262340605259,-0.0,0.040129344910383224
1735739966580935424,149,1735739966,,0.027729779481887817,-0.030797576531767845,0.08817316591739655,0.9991025328636169,-0.00830262340605259,0.0013837706064805388,0.041513118892908096
1735739966589540352,150,1735739966,,0.027117926627397537,-0.03131978586316109,0.0910126119852066,0.9990948438644409,-0.00830262340605259,0.004151311703026295,0.041513118892908096
1735739966600157184,151,1735739966,,0.02645060606300831,-0.03187408298254013,0.09417214244604111,0.9990296959877014,-0.00830262340605259,0.005535082425922155,0.04289688542485237
1735739966610516992,152,1735739966,,0.025852426886558533,-0.03235967829823494,0.09707474708557129,0.9990296959877014,-0.00830262340605259,0.005535082425922155,0.04289688542485237
1735739966618299136,153,1735739966,,0.02526496723294258,-0.03282764181494713,0.10000909119844437,0.9989606738090515,-0.00830262340605259,0.006918853148818016,0.04428065940737724
1735739966629207808,154,1735739966,,0.024690046906471252,-0.03327757120132446,0.10298706591129303,0.9989606738090515,-0.00830262340605259,0.006918853148818016,0.04428065940737724
1735739966639587328,155,1735739966,,0.02412860095500946,-0.03370920568704605,0.10601046681404114,0.9988983869552612,-0.00830262340605259,0.006918853148818016,0.045664429664611816
1735739966650223360,156,1735739966,,0.02358078397810459,-0.034122955054044724,0.10906298458576202,0.9988983869552612,-0.00830262340605259,0.006918853148818016,0.045664429664611816
1735739966657876736,157,1735739966,,0.023046741262078285,-0.03451954200863838,0.11214470118284225,0.9988446831703186,-0.006918853148818016,0.006918853148818016,0.04704819992184639
1735739966668793088,158,1735739966,,0.022526903077960014,-0.03490009903907776,0.11526494473218918,0.9988341331481934,-0.006918853148818016,0.00830262340605259,0.04704819992184639
1735739966679383296,159,1735739966,,0.022021999582648277,-0.03526619076728821,0.11842228472232819,0.9988427758216858,-0.005535082425922155,0.00830262340605259,0.04704819992184639
1735739966691567360,160,1735739966,,0.021533280611038208,-0.03561953455209732,0.12161862850189209,0.9987708926200867,-0.004151311703026295,0.009686394594609737,0.04843197017908096
1735739966699342848,161,1735739966,,0.0210623387247324,-0.03596218302845955,0.12485699355602264,0.9987756609916687,-0.0027675412129610777,0.009686394594609737,0.04843197017908096
1735739966709678592,162,1735739966,,0.020610712468624115,-0.036296356469392776,0.12813237309455872,0.9986932277679443,-0.0027675412129610777,0.01107016485184431,0.049815740436315536
1735739966720103424,163,1735739966,,0.02017965540289879,-0.0366240032017231,0.1314343363046646,0.9986960887908936,-0.0013837706064805388,0.01107016485184431,0.049815740436315536
1735739966733325312,164,1735739966,,0.019770218059420586,-0.036946672946214676,0.13476282358169556,0.9986960887908936,-0.0013837706064805388,0.01107016485184431,0.049815740436315536
1735739966741634560,165,1735739966,,0.019383372738957405,-0.03726528212428093,0.1381281614303589,0.9986261129379272,-0.0013837706064805388,0.01107016485184431,0.05119951069355011
1735739966749546496,166,1735739966,,0.01901949942111969,-0.03758013993501663,0.14153040945529938,0.9986261129379272,-0.0013837706064805388,0.01107016485184431,0.05119951069355011
1735739966757614848,167,1735739966,,0.018678680062294006,-0.03789101168513298,0.14497417211532593,0.9985542297363281,-0.0013837706064805388,0.01107016485184431,0.05258328467607498
1735739966770842624,168,1735739966,,0.018360735848546028,-0.03819723054766655,0.14846479892730713,0.9985513091087341,-0.0027675412129610777,0.01107016485184431,0.05258328467607498
1735739966778588160,169,1735739966,,0.01806497573852539,-0.0384979285299778,0.15198984742164612,0.9985513091087341,-0.0027675412129610777,0.01107016485184431,0.05258328467607498
1735739966787492608,170,1735739966,,0.01779036410152912,-0.038792144507169724,0.1555398553609848,0.998487114906311,-0.004151311703026295,0.009686394594609737,0.05396705120801926
1735739966797554176,171,1735739966,,0.01753564178943634,-0.0390787236392498,0.15912236273288727,0.9984995722770691,-0.004151311703026295,0.00830262340605259,0.05396705120801926
1735739966809838336,172,1735739966,,0.01729939877986908,-0.03935670480132103,0.16274870932102203,0.9984995722770691,-0.004151311703026295,0.00830262340605259,0.05396705120801926
1735739966817328896,173,1735739966,,0.017080122604966164,-0.03962542116641998,0.166422501206398,0.9984343647956848,-0.004151311703026295,0.006918853148818016,0.05535082519054413
1735739966830316800,174,1735739966,,0.01687636785209179,-0.039884213358163834,0.1701425015926361,0.9984343647956848,-0.004151311703026295,0.006918853148818016,0.05535082519054413
1735739966840859648,175,1735739966,,0.016687005758285522,-0.04013267904520035,0.17391008138656616,0.9984343647956848,-0.004151311703026295,0.006918853148818016,0.05535082519054413
1735739966848289536,176,1735739966,,0.016511259600520134,-0.04037066176533699,0.17773248255252838,0.9984343647956848,-0.004151311703026295,0.006918853148818016,0.05535082519054413
1735739966858606848,177,1735739966,,0.01634877175092697,-0.040598537772893906,0.18161284923553467,0.9983566999435425,-0.004151311703026295,0.006918853148818016,0.0567345917224884
1735739966868321280,178,1735739966,,0.0161996278911829,-0.040817100554704666,0.1855408102273941,0.9983566999435425,-0.004151311703026295,0.006918853148818016,0.0567345917224884
1735739966878424064,179,1735739966,,0.016064200550317764,-0.041027046740055084,0.18951065838336945,0.9983614683151245,-0.0027675412129610777,0.006918853148818016,0.0567345917224884
1735739966888964352,180,1735739966,,0.015943113714456558,-0.04122905433177948,0.19352616369724274,0.9983614683151245,-0.0027675412129610777,0.006918853148818016,0.0567345917224884
1735739966899563264,181,1735739966,,0.015836944803595543,-0.04142376407980919,0.19759142398834229,0.9982818961143494,-0.0027675412129610777,0.006918853148818016,0.058118365705013275
1735739966907309056,182,1735739966,,0.015745913609862328,-0.041611768305301666,0.2017088532447815,0.9982818961143494,-0.0027675412129610777,0.006918853148818016,0.058118365705013275
1735739966917527040,183,1735739966,,0.015669941902160645,-0.04179348424077034,0.20587283372879028,0.9982818961143494,-0.0027675412129610777,0.006918853148818016,0.058118365705013275
1735739966928274176,184,1735739966,,0.015608788467943668,-0.041968926787376404,0.21007806062698364,0.9982818961143494,-0.0027675412129610777,0.006918853148818016,0.058118365705013275
1735739966938834944,185,1735739966,,0.015562241896986961,-0.042137838900089264,0.21433287858963013,0.9982818961143494,-0.0027675412129610777,0.006918853148818016,0.058118365705013275
1735739966949373440,186,1735739966,,0.015530113130807877,-0.042300038039684296,0.21864663064479828,0.9982818961143494,-0.0027675412129610777,0.006918853148818016,0.058118365705013275
1735739966956656640,187,1735739966,,0.015512101352214813,-0.042455658316612244,0.2230207473039627,0.9982818961143494,-0.0027675412129610777,0.006918853148818016,0.058118365705013275
1735739966968648448,188,1735739966,,0.015508008189499378,-0.04260507971048355,0.22745734453201294,0.9982818961143494,-0.0027675412129610777,0.006918853148818016,0.058118365705013275
1735739966980360704,189,1735739966,,0.015517794527113438,-0.042748838663101196,0.23195795714855194,0.9982847571372986,-0.0013837706064805388,0.006918853148818016,0.058118365705013275
1735739966986630144,190,1735739966,,0.015541421249508858,-0.0428876057267189,0.23651665449142456,0.9982847571372986,-0.0013837706064805388,0.006918853148818016,0.058118365705013275
1735739966997577728,191,1735739966,,0.01557888463139534,-0.0430222786962986,0.24112935364246368,0.9982847571372986,-0.0013837706064805388,0.006918853148818016,0.058118365705013275
1735739967009013504,192,1735739967,,0.015630211681127548,-0.043153755366802216,0.24579615890979767,0.9982847571372986,-0.0013837706064805388,0.006918853148818016,0.058118365705013275
1735739967017731072,193,1735739967,,0.01569511741399765,-0.04328274354338646,0.25051066279411316,0.998293399810791,-0.0013837706064805388,0.005535082425922155,0.058118365705013275
1735739967028042240,194,1735739967,,0.015772920101881027,-0.04340948536992073,0.25527212023735046,0.998293399810791,-0.0013837706064805388,0.005535082425922155,0.058118365705013275
1735739967041478912,195,1735739967,,0.015862613916397095,-0.043533895164728165,0.26009106636047363,0.9983001351356506,-0.0013837706064805388,0.004151311703026295,0.058118365705013275
1735739967053071104,196,1735739967,,0.015962740406394005,-0.043655745685100555,0.26496681571006775,0.9983001351356506,-0.0013837706064805388,0.004151311703026295,0.058118365705013275
1735739967058402560,197,1735739967,,0.016071656718850136,-0.04377466067671776,0.2698916792869568,0.9983049035072327,-0.0013837706064805388,0.0027675412129610777,0.058118365705013275
1735739967068285184,198,1735739967,,0.01618768833577633,-0.0438900925219059,0.27486148476600647,0.9983845353126526,-0.0013837706064805388,0.0027675412129610777,0.0567345917224884
1735739967078653696,199,1735739967,,0.016309300437569618,-0.04400152713060379,0.2798701226711273,0.9983845353126526,-0.0027675412129610777,0.0013837706064805388,0.0567345917224884
1735739967099350528,200,1735739967,,0.01643531769514084,-0.04410851374268532,0.28491538763046265,0.9983845353126526,-0.0027675412129610777,0.0013837706064805388,0.0567345917224884
1735739967107241216,201,1735739967,,0.01656488887965679,-0.044210728257894516,0.28999796509742737,0.9984622001647949,-0.0027675412129610777,0.0013837706064805388,0.05535082519054413
1735739967112486400,202,1735739967,,0.01669744774699211,-0.0443081296980381,0.29511481523513794,0.9984622001647949,-0.0027675412129610777,0.0013837706064805388,0.05535082519054413
1735739967117968384,203,1735739967,,0.01683271862566471,-0.044400881975889206,0.30026018619537354,0.9984650611877441,-0.0013837706064805388,0.0013837706064805388,0.05535082519054413
1735739967129068288,204,1735739967,,0.016970736905932426,-0.044489216059446335,0.3054286539554596,0.9985408186912537,-0.0013837706064805388,0.0013837706064805388,0.05396705120801926
1735739967142169344,205,1735739967,,0.01711150072515011,-0.04457329213619232,0.3106088936328888,0.9985379576683044,-0.0027675412129610777,0.0013837706064805388,0.05396705120801926
1735739967149652480,206,1735739967,,0.01725466363132,-0.04465298354625702,0.3157981038093567,0.9986117482185364,-0.0027675412129610777,0.0013837706064805388,0.05258328467607498
1735739967157619712,207,1735739967,,0.017399713397026062,-0.0447278656065464,0.320998877286911,0.9986117482185364,-0.0027675412129610777,0.0013837706064805388,0.05258328467607498
1735739967168022784,208,1735739967,,0.017546139657497406,-0.04479743912816048,0.3261989653110504,0.9986845850944519,-0.0027675412129610777,0.0,0.05119951069355011
1735739967178603520,209,1735739967,,0.01769336871802807,-0.04486112669110298,0.33139336109161377,0.9986845850944519,-0.0027675412129610777,0.0,0.05119951069355011
1735739967188233984,210,1735739967,,0.017840826883912086,-0.04491831734776497,0.33658838272094727,0.9987497925758362,-0.004151311703026295,-0.0,0.049815740436315536
1735739967197469696,211,1735739967,,0.017988018691539764,-0.04496852308511734,0.34178426861763,0.9987497925758362,-0.004151311703026295,-0.0,0.049815740436315536
1735739967206731776,212,1735739967,,0.018134422600269318,-0.0450114868581295,0.3469749391078949,0.9988178610801697,-0.004151311703026295,-0.0,0.04843197017908096
1735739967218264576,213,1735739967,,0.018279632553458214,-0.04504718258976936,0.35215553641319275,0.9988178610801697,-0.004151311703026295,-0.0,0.04843197017908096
1735739967232107008,214,1735739967,,0.01842346414923668,-0.045075684785842896,0.35732585191726685,0.998883068561554,-0.004151311703026295,-0.0013837706064805388,0.04704819992184639
1735739967239879936,215,1735739967,,0.01856565661728382,-0.04509708657860756,0.36248400807380676,0.998883068561554,-0.004151311703026295,-0.0013837706064805388,0.04704819992184639
1735739967248266496,216,1735739967,,0.01870585046708584,-0.0451112799346447,0.3676242232322693,0.998947262763977,-0.004151311703026295,-0.0013837706064805388,0.045664429664611816
1735739967261393920,217,1735739967,,0.018857326358556747,-0.045118141919374466,0.3732534945011139,0.998947262763977,-0.004151311703026295,-0.0013837706064805388,0.045664429664611816
1735739967269425152,218,1735739967,,0.01899220049381256,-0.04511597007513046,0.37834274768829346,0.9990095496177673,-0.004151311703026295,-0.0013837706064805388,0.04428065940737724
1735739967277187072,219,1735739967,,0.019124042242765427,-0.045105382800102234,0.38339200615882874,0.9990028142929077,-0.005535082425922155,-0.0013837706064805388,0.04428065940737724
1735739967289410816,220,1735739967,,0.01925232633948326,-0.045086003839969635,0.3883958160877228,0.999060332775116,-0.005535082425922155,-0.0027675412129610777,0.04289688542485237
1735739967302834176,221,1735739967,,0.019376259297132492,-0.045057330280542374,0.3933614492416382,0.999060332775116,-0.005535082425922155,-0.0027675412129610777,0.04289688542485237
1735739967307819776,222,1735739967,,0.019494982436299324,-0.045018769800662994,0.39829400181770325,0.9991188049316406,-0.005535082425922155,-0.0027675412129610777,0.041513118892908096
1735739967316879616,223,1735739967,,0.019607841968536377,-0.04496996849775314,0.4031868278980255,0.9991188049316406,-0.005535082425922155,-0.0027675412129610777,0.041513118892908096
1735739967327898368,224,1735739967,,0.01971435546875,-0.04491080716252327,0.40803343057632446,0.9991705417633057,-0.005535082425922155,-0.004151311703026295,0.040129344910383224
1735739967337918720,225,1735739967,,0.019814135506749153,-0.044841378927230835,0.41282543540000916,0.9991753101348877,-0.005535082425922155,-0.0027675412129610777,0.040129344910383224
1735739967348232448,226,1735739967,,0.019907088950276375,-0.04476185515522957,0.41755586862564087,0.9992299675941467,-0.005535082425922155,-0.0027675412129610777,0.03874557837843895
1735739967358481664,227,1735739967,,0.019993504509329796,-0.04467245191335678,0.4222260117530823,0.9992299675941467,-0.005535082425922155,-0.0027675412129610777,0.03874557837843895
1735739967369628928,228,1735739967,,0.02007373422384262,-0.044573429971933365,0.42683982849121094,0.9992826581001282,-0.005535082425922155,-0.0027675412129610777,0.03736180439591408
1735739967379884544,229,1735739967,,0.02014838345348835,-0.04446505382657051,0.43139851093292236,0.9992921948432922,-0.004151311703026295,-0.0013837706064805388,0.03736180439591408
1735739967392407040,230,1735739967,,0.020218394696712494,-0.04434769228100777,0.4358992874622345,0.9993429780006409,-0.004151311703026295,-0.0013837706064805388,0.035978034138679504
1735739967399860992,231,1735739967,,0.020284797996282578,-0.04422182962298393,0.4403429627418518,0.9993429780006409,-0.004151311703026295,-0.0013837706064805388,0.035978034138679504
1735739967407809792,232,1735739967,,0.020348720252513885,-0.04408798739314079,0.4447292387485504,0.9993928074836731,-0.004151311703026295,-0.0,0.03459426388144493
1735739967416990464,233,1735739967,,0.020411159843206406,-0.04394659399986267,0.4490524232387543,0.9993928074836731,-0.004151311703026295,0.0,0.03459426388144493
1735739967428013568,234,1735739967,,0.020472927019000053,-0.043797943741083145,0.45330575108528137,0.9994397759437561,-0.004151311703026295,0.0,0.03321049362421036
1735739967438723072,235,1735739967,,0.020534642040729523,-0.04364220052957535,0.4574944078922272,0.9994397759437561,-0.004151311703026295,0.0,0.03321049362421036
1735739967446726400,236,1735739967,,0.020596662536263466,-0.04347964748740196,0.46162766218185425,0.9994445443153381,-0.0027675412129610777,0.0,0.03321049362421036
1735739967457271552,237,1735739967,,0.020659441128373146,-0.0433107428252697,0.4657062590122223,0.9994885921478271,-0.0027675412129610777,0.0013837706064805388,0.031826723366975784
1735739967468307456,238,1735739967,,0.0207233726978302,-0.04313576593995094,0.4697263240814209,0.9994885921478271,-0.0027675412129610777,0.0013837706064805388,0.031826723366975784
1735739967478749184,239,1735739967,,0.020788593217730522,-0.04295482859015465,0.47368600964546204,0.9994895458221436,-0.0027675412129610777,0.0,0.031826723366975784
1735739967488891136,240,1735739967,,0.020854994654655457,-0.042767904698848724,0.47758546471595764,0.9995326995849609,-0.0027675412129610777,0.0,0.03044295310974121
1735739967498169344,241,1735739967,,0.02092237025499344,-0.04257502034306526,0.48142141103744507,0.9995326995849609,-0.0027675412129610777,0.0,0.03044295310974121
1735739967507898368,242,1735739967,,0.020990489050745964,-0.04237620532512665,0.4851941466331482,0.9995326995849609,-0.0027675412129610777,0.0,0.03044295310974121
1735739967517212672,243,1735739967,,0.021058976650238037,-0.04217146709561348,0.48890647292137146,0.999573826789856,-0.0027675412129610777,-0.0,0.029059182852506638
1735739967529029120,244,1735739967,,0.02112741954624653,-0.041960906237363815,0.4925604462623596,0.999573826789856,-0.0027675412129610777,-0.0,0.029059182852506638
1735739967537813248,245,1735739967,,0.021195443347096443,-0.04174478352069855,0.4961589574813843,0.999573826789856,-0.0027675412129610777,-0.0,0.029059182852506638
1735739967550886912,246,1735739967,,0.021262649446725845,-0.041523415595293045,0.4997076690196991,0.9996131062507629,-0.0027675412129610777,-0.0,0.027675412595272064
1735739967558873344,247,1735739967,,0.021328704431653023,-0.041297100484371185,0.5032074451446533,0.9996131062507629,-0.0027675412129610777,-0.0,0.027675412595272064
1735739967566690304,248,1735739967,,0.021393470466136932,-0.04106631502509117,0.5066468119621277,0.9996160268783569,-0.0013837706064805388,-0.0,0.027675412595272064
1735739967576965120,249,1735739967,,0.021456968039274216,-0.04083152860403061,0.5100194811820984,0.9996533393859863,-0.0013837706064805388,-0.0,0.02629164233803749
1735739967588189696,250,1735739967,,0.021519269794225693,-0.040593117475509644,0.5133314728736877,0.9996533393859863,-0.0013837706064805388,-0.0,0.02629164233803749
1735739967597573120,251,1735739967,,0.021580509841442108,-0.04035124182701111,0.5165881514549255,0.9996533393859863,-0.0013837706064805388,-0.0,0.02629164233803749
1735739967607142656,252,1735739967,,0.02164093591272831,-0.04010580852627754,0.5197807550430298,0.9996859431266785,-0.0027675412129610777,-0.0,0.024907870218157768
1735739967616034816,253,1735739967,,0.021700650453567505,-0.03985666111111641,0.5229030847549438,0.9996859431266785,-0.0027675412129610777,-0.0,0.024907870218157768
1735739967629294592,254,1735739967,,0.02175959199666977,-0.03960367664694786,0.5259615778923035,0.9996859431266785,-0.0027675412129610777,-0.0,0.024907870218157768
1735739967637465856,255,1735739967,,0.02181779406964779,-0.039346713572740555,0.5289546847343445,0.9996859431266785,-0.0027675412129610777,-0.0,0.024907870218157768
1735739967647874048,256,1735739967,,0.0218752920627594,-0.03908555954694748,0.5318806767463684,0.9997194409370422,-0.0027675412129610777,-0.0,0.023524099960923195
1735739967658184192,257,1735739967,,0.02193213254213333,-0.03882001340389252,0.5347480773925781,0.9997194409370422,-0.0027675412129610777,-0.0,0.023524099960923195
1735739967668970240,258,1735739967,,0.02198837883770466,-0.038550153374671936,0.5375601053237915,0.9997223019599915,-0.0013837706064805388,-0.0,0.023524099960923195
1735739967676536576,259,1735739967,,0.02204391360282898,-0.038276348263025284,0.5403062105178833,0.9997223019599915,-0.0013837706064805388,-0.0,0.023524099960923195
1735739967687090176,260,1735739967,,0.02209843322634697,-0.037998978048563004,0.5429818034172058,0.999752938747406,-0.0013837706064805388,-0.0013837706064805388,0.02214032970368862
1735739967696864512,261,1735739967,,0.0221515242010355,-0.03771836310625076,0.5455922484397888,0.999752938747406,-0.0013837706064805388,-0.0013837706064805388,0.02214032970368862
1735739967710473984,262,1735739967,,0.02220272645354271,-0.037434812635183334,0.5481396913528442,0.999752938747406,-0.0013837706064805388,-0.0013837706064805388,0.02214032970368862
1735739967717267200,263,1735739967,,0.022251591086387634,-0.037148602306842804,0.5506239533424377,0.999752938747406,-0.0013837706064805388,-0.0013837706064805388,0.02214032970368862
1735739967728100864,264,1735739967,,0.022297721356153488,-0.03685992211103439,0.553046464920044,0.999752938747406,-0.0013837706064805388,-0.0013837706064805388,0.02214032970368862
1735739967741704704,265,1735739967,,0.022340958938002586,-0.036569055169820786,0.5554069876670837,0.9997826814651489,-0.0013837706064805388,-0.0013837706064805388,0.020756559446454048
1735739967747034624,266,1735739967,,0.022381320595741272,-0.03627639636397362,0.5577073693275452,0.9997836351394653,-0.0,-0.0013837706064805388,0.020756559446454048
1735739967757600256,267,1735739967,,0.02241896279156208,-0.03598242998123169,0.5599499344825745,0.9997836351394653,-0.0,-0.0013837706064805388,0.020756559446454048
1735739967767591424,268,1735739967,,0.022454172372817993,-0.035687584429979324,0.5621300935745239,0.9997836351394653,-0.0,-0.0013837706064805388,0.020756559446454048
1735739967778409472,269,1735739967,,0.022487299516797066,-0.03539220243692398,0.5642444491386414,0.9997836351394653,-0.0,-0.0013837706064805388,0.020756559446454048
1735739967788107520,270,1735739967,,0.02251853607594967,-0.03509647026658058,0.5662968754768372,0.9997836351394653,-0.0,-0.0013837706064805388,0.020756559446454048
1735739967797226240,271,1735739967,,0.022547882050275803,-0.03480041027069092,0.5682961344718933,0.9998113512992859,-0.0,-0.0013837706064805388,0.019372789189219475
1735739967806708992,272,1735739967,,0.022575462237000465,-0.03450401872396469,0.570242166519165,0.9998113512992859,-0.0,-0.0013837706064805388,0.019372789189219475
1735739967817806336,273,1735739967,,0.022601481527090073,-0.034207284450531006,0.5721333026885986,0.9998123049736023,-0.0,-0.0,0.019372789189219475
1735739967833602304,274,1735739967,,0.02262611873447895,-0.033910252153873444,0.5739757418632507,0.9998123049736023,-0.0,-0.0,0.019372789189219475
1735739967838876416,275,1735739967,,0.022649480029940605,-0.03361288830637932,0.5757729411125183,0.9998123049736023,-0.0,-0.0,0.019372789189219475
1735739967846761728,276,1735739967,,0.022671611979603767,-0.03331519290804863,0.5775240659713745,0.9998123049736023,-0.0,-0.0,0.019372789189219475
1735739967857016576,277,1735739967,,0.022692516446113586,-0.03301726654171944,0.5792327523231506,0.9998123049736023,0.0,-0.0,0.019372789189219475
1735739967866798336,278,1735739967,,0.022712135687470436,-0.03271928057074547,0.5809036493301392,0.9998123049736023,0.0,-0.0,0.019372789189219475
1735739967877376256,279,1735739967,,0.022730503231287003,-0.03242161497473717,0.5825316309928894,0.9998123049736023,0.0,-0.0,0.019372789189219475
1735739967886332416,280,1735739967,,0.02274770848453045,-0.03212466463446617,0.5841189026832581,0.9998113512992859,0.0013837706064805388,-0.0,0.019372789189219475
1735739967896970752,281,1735739967,,0.022763825953006744,-0.03182883560657501,0.5856688022613525,0.9998113512992859,0.0013837706064805388,-0.0,0.019372789189219475
1735739967908629248,282,1735739967,,0.02277878299355507,-0.03153454139828682,0.5871777534484863,0.9998113512992859,0.0013837706064805388,-0.0,0.019372789189219475
1735739967915758080,283,1735739967,,0.022793881595134735,-0.031212901696562767,0.588793933391571,0.9998103976249695,0.0013837706064805388,-0.0013837706064805388,0.019372789189219475
1735739967929356032,284,1735739967,,0.022806184366345406,-0.030922507867217064,0.5902224779129028,0.9998103976249695,0.0013837706064805388,-0.0013837706064805388,0.019372789189219475
1735739967937053184,285,1735739967,,0.022816810756921768,-0.03063424676656723,0.5916039347648621,0.9998103976249695,0.0013837706064805388,-0.0013837706064805388,0.019372789189219475
1735739967948192000,286,1735739967,,0.022825850173830986,-0.030348382890224457,0.5929381847381592,0.9998103976249695,0.0013837706064805388,-0.0013837706064805388,0.019372789189219475
1735739967956225280,287,1735739967,,0.022833537310361862,-0.03006514348089695,0.5942260026931763,0.9998113512992859,0.0013837706064805388,-0.0,0.019372789189219475
1735739967967033856,288,1735739967,,0.022840062156319618,-0.029784761369228363,0.5954613089561462,0.9998113512992859,0.0013837706064805388,-0.0,0.019372789189219475
1735739967979830272,289,1735739967,,0.02284545823931694,-0.02950742468237877,0.5966528058052063,0.9998113512992859,0.0013837706064805388,-0.0,0.019372789189219475
1735739967985624064,290,1735739967,,0.02284967713057995,-0.029233066365122795,0.5978149175643921,0.9998113512992859,0.0013837706064805388,-0.0,0.019372789189219475
1735739967998455296,291,1735739967,,0.022852912545204163,-0.028961623087525368,0.5989444851875305,0.9998113512992859,0.0013837706064805388,-0.0,0.019372789189219475
1735739968005734912,292,1735739968,,0.022855529561638832,-0.028693152591586113,0.6000362634658813,0.9998113512992859,0.0013837706064805388,-0.0,0.019372789189219475
1735739968020021248,293,1735739968,,0.02285788208246231,-0.028427664190530777,0.6010989546775818,0.9998113512992859,0.0013837706064805388,0.0,0.019372789189219475
1735739968031294976,294,1735739968,,0.022860288619995117,-0.028165198862552643,0.6021432280540466,0.9998113512992859,0.0013837706064805388,0.0,0.019372789189219475
1735739968036424704,295,1735739968,,0.02286306582391262,-0.027905821800231934,0.6031708717346191,0.9998113512992859,0.0013837706064805388,0.0,0.019372789189219475
1735739968046812928,296,1735739968,,0.022866612300276756,-0.02764962613582611,0.6041818261146545,0.9998103976249695,0.0013837706064805388,0.0013837706064805388,0.019372789189219475
1735739968057200128,297,1735739968,,0.02287152037024498,-0.02739691734313965,0.6051796078681946,0.9997797608375549,0.0027675412129610777,0.0013837706064805388,0.020756559446454048
1735739968068056320,298,1735739968,,0.022878333926200867,-0.027148090302944183,0.6061676144599915,0.9997797608375549,0.0027675412129610777,0.0013837706064805388,0.020756559446454048
1735739968076179456,299,1735739968,,0.022887691855430603,-0.026903575286269188,0.6071494817733765,0.9997797608375549,0.0027675412129610777,0.0013837706064805388,0.020756559446454048
1735739968088274944,300,1735739968,,0.022900331765413284,-0.026663800701498985,0.6081252694129944,0.9997768998146057,0.0027675412129610777,0.0027675412129610777,0.020756559446454048
1735739968097431296,301,1735739968,,0.02291691303253174,-0.026429202407598495,0.6090934872627258,0.9997768998146057,0.0027675412129610777,0.0027675412129610777,0.020756559446454048
1735739968106878464,302,1735739968,,0.022938000038266182,-0.02620016597211361,0.6100513339042664,0.9997768998146057,0.0027675412129610777,0.0027675412129610777,0.020756559446454048
1735739968116979456,303,1735739968,,0.022964246571063995,-0.025976909324526787,0.6109963059425354,0.9997768998146057,0.0027675412129610777,0.0027675412129610777,0.020756559446454048
1735739968128260608,304,1735739968,,0.022996339946985245,-0.025759480893611908,0.6119319200515747,0.9997768998146057,0.0027675412129610777,0.0027675412129610777,0.020756559446454048
1735739968141147136,305,1735739968,,0.023034723475575447,-0.02554769441485405,0.6128592491149902,0.9997768998146057,0.0027675412129610777,0.0027675412129610777,0.020756559446454048
1735739968149061376,306,1735739968,,0.023079540580511093,-0.025341201573610306,0.6137761473655701,0.9997768998146057,0.0027675412129610777,0.0027675412129610777,0.020756559446454048
1735739968157037568,307,1735739968,,0.02313063107430935,-0.025139711797237396,0.6146844625473022,0.9997768998146057,0.0027675412129610777,0.0027675412129610777,0.020756559446454048
1735739968167782656,308,1735739968,,0.02318747527897358,-0.024943038821220398,0.6155813336372375,0.9997768998146057,0.0027675412129610777,0.0027675412129610777,0.020756559446454048
1735739968180457728,309,1735739968,,0.023249298334121704,-0.024750925600528717,0.6164603233337402,0.9997826814651489,0.0013837706064805388,0.0013837706064805388,0.020756559446454048
1735739968187958784,310,1735739968,,0.023315219208598137,-0.024562925100326538,0.6173235177993774,0.9997826814651489,0.0013837706064805388,0.0013837706064805388,0.020756559446454048
1735739968196802048,311,1735739968,,0.02338433638215065,-0.024378467351198196,0.6181802749633789,0.9997826814651489,0.0013837706064805388,0.0013837706064805388,0.020756559446454048
1735739968207891200,312,1735739968,,0.02345583215355873,-0.024197064340114594,0.619028627872467,0.9997538924217224,0.0013837706064805388,0.0,0.02214032970368862
1735739968216596736,313,1735739968,,0.02352892979979515,-0.024018369615077972,0.6198585033416748,0.9997538924217224,0.0013837706064805388,0.0,0.02214032970368862
1735739968226705920,314,1735739968,,0.02360313944518566,-0.023842070251703262,0.6206727027893066,0.9997538924217224,0.0013837706064805388,0.0,0.02214032970368862
1735739968237389312,315,1735739968,,0.02367810718715191,-0.023668063804507256,0.6214755177497864,0.9997538924217224,0.0013837706064805388,0.0,0.02214032970368862
1735739968248131072,316,1735739968,,0.023753473535180092,-0.023496534675359726,0.6222686767578125,0.9997538924217224,0.0013837706064805388,0.0,0.02214032970368862
1735739968258558208,317,1735739968,,0.023829221725463867,-0.02332780510187149,0.6230589151382446,0.9997538924217224,0.0013837706064805388,0.0,0.02214032970368862
1735739968266573568,318,1735739968,,0.023905780166387558,-0.02316233702003956,0.6238492131233215,0.9997500777244568,0.0027675412129610777,0.0013837706064805388,0.02214032970368862
1735739968281262336,319,1735739968,,0.023983877152204514,-0.023000633344054222,0.6246336102485657,0.9997500777244568,0.0027675412129610777,0.0013837706064805388,0.02214032970368862
1735739968289259776,320,1735739968,,0.02406446263194084,-0.022843290120363235,0.6254107356071472,0.9997500777244568,0.0027675412129610777,0.0013837706064805388,0.02214032970368862
1735739968296198912,321,1735739968,,0.024148589000105858,-0.02269088849425316,0.6261824369430542,0.9997472167015076,0.0027675412129610777,0.0027675412129610777,0.02214032970368862
1735739968307517696,322,1735739968,,0.02423699013888836,-0.022543752565979958,0.6269450187683105,0.9997472167015076,0.0027675412129610777,0.0027675412129610777,0.02214032970368862
1735739968316941312,323,1735739968,,0.024329934269189835,-0.02240193635225296,0.6276952624320984,0.9997472167015076,0.0027675412129610777,0.0027675412129610777,0.02214032970368862
1735739968327976960,324,1735739968,,0.024427417665719986,-0.022265244275331497,0.6284329295158386,0.9997500777244568,0.0027675412129610777,0.0013837706064805388,0.02214032970368862
1735739968336428032,325,1735739968,,0.024529164656996727,-0.022133229300379753,0.629152238368988,0.999752938747406,0.0013837706064805388,0.0013837706064805388,0.02214032970368862
1735739968347417344,326,1735739968,,0.024634575471282005,-0.0220053568482399,0.6298498511314392,0.999752938747406,0.0013837706064805388,0.0013837706064805388,0.02214032970368862
1735739968357716736,327,1735739968,,0.02474294975399971,-0.021881112828850746,0.6305281519889832,0.999752938747406,0.0013837706064805388,0.0013837706064805388,0.02214032970368862
1735739968371130880,328,1735739968,,0.024853644892573357,-0.021759985014796257,0.6311901807785034,0.9997538924217224,0.0013837706064805388,0.0,0.02214032970368862
1735739968376328960,329,1735739968,,0.024966051802039146,-0.021641414612531662,0.631842851638794,0.9997538924217224,0.0013837706064805388,0.0,0.02214032970368862
1735739968388187904,330,1735739968,,0.025079505518078804,-0.021524857729673386,0.6324915289878845,0.9997538924217224,0.0013837706064805388,0.0,0.02214032970368862
1735739968397399040,331,1735739968,,0.02519337832927704,-0.021409960463643074,0.6331405639648438,0.9997538924217224,0.0013837706064805388,-0.0,0.02214032970368862
1735739968406842368,332,1735739968,,0.025307152420282364,-0.021296624094247818,0.6337935924530029,0.9997538924217224,0.0013837706064805388,-0.0,0.02214032970368862
1735739968418072832,333,1735739968,,0.025420619174838066,-0.021184999495744705,0.6344501376152039,0.9997538924217224,0.0013837706064805388,-0.0,0.02214032970368862
1735739968430741248,334,1735739968,,0.025533877313137054,-0.021075502038002014,0.6351045966148376,0.9997538924217224,0.0013837706064805388,-0.0,0.02214032970368862
1735739968436120576,335,1735739968,,0.025647036731243134,-0.020968889817595482,0.6357452273368835,0.9997510313987732,0.0027675412129610777,0.0,0.02214032970368862
1735739968446426368,336,1735739968,,0.02576029673218727,-0.020865971222519875,0.6363664269447327,0.9997510313987732,0.0027675412129610777,0.0,0.02214032970368862
1735739968456339968,337,1735739968,,0.02587391436100006,-0.020767321810126305,0.6369742155075073,0.9997510313987732,0.0027675412129610777,0.0,0.02214032970368862
1735739968466960896,338,1735739968,,0.02598797157406807,-0.020673049613833427,0.6375748515129089,0.9997538924217224,0.0013837706064805388,0.0,0.02214032970368862
1735739968477540352,339,1735739968,,0.026102470234036446,-0.020582789555191994,0.6381656527519226,0.9997538924217224,0.0013837706064805388,0.0,0.02214032970368862
1735739968486339328,340,1735739968,,0.026217278093099594,-0.020496105775237083,0.6387409567832947,0.9997538924217224,0.0013837706064805388,-0.0,0.02214032970368862
1735739968497212928,341,1735739968,,0.02633216790854931,-0.02041265182197094,0.6393036246299744,0.9997538924217224,0.0013837706064805388,-0.0,0.02214032970368862
1735739968506721792,342,1735739968,,0.026446951553225517,-0.020331956446170807,0.6398590803146362,0.9997538924217224,0.0013837706064805388,-0.0,0.02214032970368862
1735739968515748096,343,1735739968,,0.026561344042420387,-0.020253270864486694,0.6404106020927429,0.9997548460960388,0.0,-0.0,0.02214032970368862
1735739968528951552,344,1735739968,,0.02667505480349064,-0.02017606981098652,0.6409643888473511,0.9997548460960388,0.0,-0.0,0.02214032970368862
1735739968536831744,345,1735739968,,0.02678798884153366,-0.02010011114180088,0.641521692276001,0.9997548460960388,0.0,-0.0,0.02214032970368862
1735739968546855680,346,1735739968,,0.02690020389854908,-0.020025281235575676,0.6420809626579285,0.9997548460960388,0.0,-0.0,0.02214032970368862
1735739968557176576,347,1735739968,,0.027011878788471222,-0.019951697438955307,0.6426435112953186,0.9997538924217224,0.0013837706064805388,-0.0,0.02214032970368862
1735739968567784960,348,1735739968,,0.02712319977581501,-0.019879639148712158,0.6432032585144043,0.9997538924217224,0.0013837706064805388,-0.0,0.02214032970368862
1735739968578080256,349,1735739968,,0.027245335280895233,-0.019802618771791458,0.6438080072402954,0.9997538924217224,0.0013837706064805388,-0.0,0.02214032970368862
1735739968587348480,350,1735739968,,0.027355981990695,-0.019735056906938553,0.6443458795547485,0.9997538924217224,0.0013837706064805388,-0.0,0.02214032970368862
1735739968596578816,351,1735739968,,0.027465935796499252,-0.019670043140649796,0.644878089427948,0.9997538924217224,0.0013837706064805388,-0.0,0.02214032970368862
1735739968605969664,352,1735739968,,0.027574820443987846,-0.019607476890087128,0.645408034324646,0.9997538924217224,0.0013837706064805388,-0.0,0.02214032970368862
1735739968616699904,353,1735739968,,0.02768249250948429,-0.01954708993434906,0.6459294557571411,0.9997538924217224,0.0013837706064805388,-0.0,0.02214032970368862
1735739968626887168,354,1735739968,,0.027788979932665825,-0.01948862336575985,0.6464411020278931,0.9997538924217224,0.0013837706064805388,-0.0,0.02214032970368862
1735739968637756928,355,1735739968,,0.02789429947733879,-0.01943175494670868,0.6469461917877197,0.9997548460960388,0.0,-0.0,0.02214032970368862
1735739968647973120,356,1735739968,,0.027998385950922966,-0.01937609538435936,0.647445797920227,0.9997538924217224,0.0,-0.0013837706064805388,0.02214032970368862
1735739968656208896,357,1735739968,,0.02810114249587059,-0.019321396946907043,0.6479398012161255,0.9997548460960388,0.0,-0.0,0.02214032970368862
1735739968666745856,358,1735739968,,0.028202660381793976,-0.019267559051513672,0.648427426815033,0.9997548460960388,0.0,-0.0,0.02214032970368862
1735739968677102336,359,1735739968,,0.02830321714282036,-0.019214652478694916,0.6489077210426331,0.9997548460960388,0.0,-0.0,0.02214032970368862
1735739968688897280,360,1735739968,,0.028403062373399734,-0.019162945449352264,0.6493861079216003,0.9997548460960388,0.0,-0.0,0.02214032970368862
1735739968696122112,361,1735739968,,0.02850235439836979,-0.019112514331936836,0.6498632431030273,0.9997548460960388,0.0,-0.0,0.02214032970368862
1735739968705620992,362,1735739968,,0.02860139310359955,-0.019063178449869156,0.6503294706344604,0.9997548460960388,0.0,0.0,0.02214032970368862
1735739968716705280,363,1735739968,,0.02870059385895729,-0.019014813005924225,0.6507853865623474,0.9997548460960388,0.0,0.0,0.02214032970368862
1735739968727333888,364,1735739968,,0.02880013734102249,-0.018967175856232643,0.6512373685836792,0.9997845888137817,0.0,0.0,0.020756559446454048
1735739968738411264,365,1735739968,,0.02889995463192463,-0.01891983114182949,0.6516832709312439,0.9997845888137817,-0.0,0.0,0.020756559446454048
1735739968749697024,366,1735739968,,0.029000001028180122,-0.01887245662510395,0.652120053768158,0.9997845888137817,-0.0,0.0,0.020756559446454048
1735739968757690368,367,1735739968,,0.02910018339753151,-0.018824877217411995,0.6525518894195557,0.9997845888137817,0.0,-0.0,0.020756559446454048
1735739968765735680,368,1735739968,,0.029200328513979912,-0.01877717860043049,0.6529783010482788,0.9997845888137817,0.0,0.0,0.020756559446454048
1735739968777901824,369,1735739968,,0.029300425201654434,-0.018729720264673233,0.6533961892127991,0.9997845888137817,0.0,0.0,0.020756559446454048
1735739968784840192,370,1735739968,,0.029400793835520744,-0.018682826310396194,0.6538086533546448,0.9997845888137817,0.0,0.0,0.020756559446454048
1735739968797499392,371,1735739968,,0.029501929879188538,-0.018636560067534447,0.6542234420776367,0.9997845888137817,0.0,0.0,0.020756559446454048
1735739968807135744,372,1735739968,,0.029604153707623482,-0.018590716645121574,0.6546432971954346,0.9997845888137817,0.0,0.0,0.020756559446454048
1735739968816701952,373,1735739968,,0.02970748580992222,-0.018545271828770638,0.6550588607788086,0.9997845888137817,0.0,0.0,0.020756559446454048
1735739968826432512,374,1735739968,,0.029811784625053406,-0.018500301986932755,0.6554609537124634,0.9997845888137817,0.0,0.0,0.020756559446454048
1735739968835912192,375,1735739968,,0.02991681918501854,-0.018455786630511284,0.6558464765548706,0.9997845888137817,0.0,0.0,0.020756559446454048
1735739968846107648,376,1735739968,,0.030022239312529564,-0.018411612138152122,0.656218945980072,0.9997845888137817,0.0,-0.0,0.020756559446454048
1735739968857010432,377,1735739968,,0.03012760356068611,-0.018367566168308258,0.656581461429596,0.9997845888137817,-0.0,-0.0,0.020756559446454048
1735739968867803904,378,1735739968,,0.030232474207878113,-0.018323492258787155,0.6569331884384155,0.9997845888137817,-0.0,-0.0,0.020756559446454048
1735739968875910400,379,1735739968,,0.03033655323088169,-0.018279151991009712,0.6572734713554382,0.9997845888137817,-0.0,-0.0,0.020756559446454048
1735739968887969536,380,1735739968,,0.030439704656600952,-0.01823420822620392,0.6576071977615356,0.9997845888137817,-0.0,-0.0,0.020756559446454048
1735739968897150208,381,1735739968,,0.03054199367761612,-0.01818842440843582,0.6579447388648987,0.9997845888137817,-0.0,-0.0,0.020756559446454048
1735739968906433536,382,1735739968,,0.030643586069345474,-0.018141811713576317,0.6582846641540527,0.9997845888137817,-0.0,-0.0,0.020756559446454048
1735739968918010112,383,1735739968,,0.03074459545314312,-0.018094545230269432,0.6586209535598755,0.9997845888137817,-0.0,-0.0,0.020756559446454048
1735739968931155456,384,1735739968,,0.0308451596647501,-0.018046844750642776,0.6589512228965759,0.9997845888137817,-0.0,-0.0,0.020756559446454048
1735739968937374208,385,1735739968,,0.030945343896746635,-0.01799897663295269,0.6592705249786377,0.9997845888137817,0.0,-0.0,0.020756559446454048
1735739968947975936,386,1735739968,,0.031045110896229744,-0.017951255664229393,0.6595784425735474,0.9997845888137817,0.0,-0.0,0.020756559446454048
1735739968955852288,387,1735739968,,0.03114433027803898,-0.017904067412018776,0.659878134727478,0.9997845888137817,0.0,-0.0,0.020756559446454048
1735739968966406400,388,1735739968,,0.031242752447724342,-0.017857711762189865,0.6601707339286804,0.9997845888137817,0.0,-0.0,0.020756559446454048
1735739968977422080,389,1735739968,,0.0313401035964489,-0.01781226135790348,0.6604587435722351,0.9998113512992859,0.0,-0.0013837706064805388,0.019372789189219475
1735739968986336000,390,1735739968,,0.03143610060214996,-0.01776750013232231,0.6607449054718018,0.9998113512992859,-0.0,-0.0013837706064805388,0.019372789189219475
1735739968997092352,391,1735739968,,0.03153041750192642,-0.017722995951771736,0.6610293984413147,0.9998113512992859,-0.0,-0.0013837706064805388,0.019372789189219475
1735739969008742400,392,1735739969,,0.031622741371393204,-0.01767837256193161,0.6613163352012634,0.9998113512992859,-0.0,-0.0013837706064805388,0.019372789189219475
1735739969015879680,393,1735739969,,0.03171300143003464,-0.017633583396673203,0.6616149544715881,0.9998113512992859,0.0,-0.0013837706064805388,0.019372789189219475
1735739969029307136,394,1735739969,,0.031801339238882065,-0.017588889226317406,0.6619259119033813,0.9998113512992859,0.0,-0.0013837706064805388,0.019372789189219475
1735739969037571072,395,1735739969,,0.03188793361186981,-0.017544561997056007,0.6622425317764282,0.9998123049736023,0.0,-0.0,0.019372789189219475
1735739969048137472,396,1735739969,,0.03197317197918892,-0.01750079169869423,0.6625669002532959,0.9998123049736023,0.0,-0.0,0.019372789189219475
1735739969055925504,397,1735739969,,0.032057326287031174,-0.017457859590649605,0.662890613079071,0.9998113512992859,0.0013837706064805388,-0.0,0.019372789189219475
1735739969066648832,398,1735739969,,0.032140523195266724,-0.017416154965758324,0.6632007956504822,0.9998381733894348,0.0,-0.0,0.017989017069339752
1735739969076952832,399,1735739969,,0.032222870737314224,-0.01737583614885807,0.6634991765022278,0.9998381733894348,0.0,-0.0,0.017989017069339752
1735739969085533952,400,1735739969,,0.03230432793498039,-0.017336687073111534,0.6637904644012451,0.9998381733894348,0.0,-0.0,0.017989017069339752
1735739969096260608,401,1735739969,,0.032384682446718216,-0.017298366874456406,0.664074718952179,0.9998372197151184,0.0,-0.0013837706064805388,0.017989017069339752
1735739969105504512,402,1735739969,,0.03246358036994934,-0.017260544002056122,0.6643492579460144,0.9998372197151184,-0.0,-0.0013837706064805388,0.017989017069339752
1735739969116509952,403,1735739969,,0.03254048898816109,-0.01722276210784912,0.6646153926849365,0.9998372197151184,-0.0,-0.0013837706064805388,0.017989017069339752
1735739969127216640,404,1735739969,,0.03261473774909973,-0.017184611409902573,0.6648803949356079,0.9998611807823181,0.0,-0.0013837706064805388,0.01660524681210518
1735739969138279680,405,1735739969,,0.032685697078704834,-0.017146630212664604,0.6651543378829956,0.9998793601989746,0.0027675412129610777,-0.0013837706064805388,0.015221476554870605
1735739969146930944,406,1735739969,,0.03275296837091446,-0.01711120642721653,0.6654384136199951,0.9999061822891235,0.005535082425922155,-0.0013837706064805388,0.012453935109078884
1735739969160063488,407,1735739969,,0.0328165665268898,-0.01708286441862583,0.6657266020774841,0.9999032616615295,0.00830262340605259,-0.0013837706064805388,0.01107016485184431
1735739969165964288,408,1735739969,,0.032876648008823395,-0.017068350687623024,0.6660190224647522,0.9998793601989746,0.013837706297636032,-0.0013837706064805388,0.006918853148818016
1735739969176534016,409,1735739969,,0.03293357044458389,-0.017076600342988968,0.6663187742233276,0.9998027682304382,0.019372789189219475,-0.0013837706064805388,0.004151311703026295
1735739969184927744,410,1735739969,,0.03298811987042427,-0.017117781564593315,0.6666144132614136,0.9996542930603027,0.02629164233803749,-0.0,0.0
1735739969195975680,411,1735739969,,0.033041175454854965,-0.017202064394950867,0.6668834686279297,0.9994847774505615,0.031826723366975784,0.0,-0.004151311703026295
1735739969205344768,412,1735739969,,0.03309366852045059,-0.01734018512070179,0.6671173572540283,0.9992663264274597,0.03736180439591408,0.0013837706064805388,-0.00830262340605259
1735739969218958592,413,1735739969,,0.033146824687719345,-0.017543727532029152,0.667323648929596,0.9990382790565491,0.041513118892908096,0.0027675412129610777,-0.013837706297636032
1735739969227358464,414,1735739969,,0.033208008855581284,-0.01785508170723915,0.6675164699554443,0.9986960887908936,0.04704819992184639,0.004151311703026295,-0.019372789189219475
1735739969235475456,415,1735739969,,0.033267710357904434,-0.018225783482193947,0.6676495671272278,0.998432457447052,0.049815740436315536,0.005535082425922155,-0.024907870218157768
1735739969249349376,416,1735739969,,0.03333337604999542,-0.018687274307012558,0.6677373647689819,0.9980852603912354,0.05258328467607498,0.006918853148818016,-0.031826723366975784
1735739969257333760,417,1735739969,,0.0334068238735199,-0.01924418844282627,0.6677729487419128,0.9978089332580566,0.05396705120801926,0.00830262340605259,-0.03736180439591408
1735739969267724544,418,1735739969,,0.033489760011434555,-0.01989959180355072,0.6677520275115967,0.9975134134292603,0.05396705120801926,0.009686394594609737,-0.04428065940737724
1735739969278352896,419,1735739969,,0.0335838682949543,-0.020656771957874298,0.6676871180534363,0.9971678256988525,0.05396705120801926,0.01107016485184431,-0.05119951069355011
1735739969283998720,420,1735739969,,0.033690519630908966,-0.02151755429804325,0.6675911545753479,0.9967808127403259,0.05258328467607498,0.01107016485184431,-0.05950213596224785
1735739969299238144,421,1735739969,,0.03381029888987541,-0.022480761632323265,0.6674595475196838,0.9964157342910767,0.05119951069355011,0.01107016485184431,-0.06642098724842072
1735739969306415360,422,1735739969,,0.033943306654691696,-0.023544060066342354,0.6672844290733337,0.9958977103233337,0.049815740436315536,0.01107016485184431,-0.07472360879182816
1735739969317839104,423,1735739969,,0.03408948704600334,-0.024705853313207626,0.6670703887939453,0.9953082203865051,0.04843197017908096,0.01107016485184431,-0.08302623778581619
1735739969329094144,424,1735739969,,0.03424808010458946,-0.02596440538764,0.6668240427970886,0.9945191144943237,0.04704819992184639,0.01107016485184431,-0.09271262586116791
1735739969336995328,425,1735739969,,0.034417495131492615,-0.02731712907552719,0.666545569896698,0.9937245845794678,0.04704819992184639,0.009686394594609737,-0.10101525485515594
1735739969352227072,426,1735739969,,0.034595511853694916,-0.02876170724630356,0.6662365794181824,0.9927693605422974,0.045664429664611816,0.00830262340605259,-0.11070165038108826
1735739969357741568,427,1735739969,,0.034779321402311325,-0.03029581904411316,0.665895938873291,0.9917147159576416,0.04428065940737724,0.006918853148818016,-0.12038803845643997
1735739969365454848,428,1735739969,,0.03496572747826576,-0.03191712498664856,0.6655187606811523,0.9904994964599609,0.04428065940737724,0.005535082425922155,-0.1300744265317917
1735739969378503936,429,1735739969,,0.035151250660419464,-0.033624015748500824,0.6651039719581604,0.9891859889030457,0.04428065940737724,0.004151311703026295,-0.1397608369588852
1735739969384485888,430,1735739969,,0.03533205762505531,-0.03541626036167145,0.6646634340286255,0.9877766966819763,0.04428065940737724,0.0013837706064805388,-0.1494472175836563
1735739969395184128,431,1735739969,,0.035503994673490524,-0.037293676286935806,0.6642097234725952,0.986324667930603,0.04289688542485237,0.0,-0.15913361310958862
1735739969406637312,432,1735739969,,0.035663194954395294,-0.0392550565302372,0.6637428402900696,0.9844737648963928,0.04289688542485237,-0.0013837706064805388,-0.1702037900686264
1735739969415554048,433,1735739969,,0.03580596297979355,-0.04129892587661743,0.6632593274116516,0.9824927449226379,0.04289688542485237,-0.0027675412129610777,-0.181273952126503
1735739969428399360,434,1735739969,,0.03592877462506294,-0.043423496186733246,0.6627523899078369,0.9803807139396667,0.04289688542485237,-0.004151311703026295,-0.19234411418437958
1735739969439265536,435,1735739969,,0.036028314381837845,-0.04562718793749809,0.6622212529182434,0.9781966209411621,0.041513118892908096,-0.005535082425922155,-0.20341427624225616
1735739969447787776,436,1735739969,,0.03610146790742874,-0.047908373177051544,0.6616707444190979,0.9758781790733337,0.040129344910383224,-0.006918853148818016,-0.21448443830013275
1735739969455792896,437,1735739969,,0.03614562377333641,-0.050264645367860794,0.6611008644104004,0.9734351634979248,0.03874557837843895,-0.006918853148818016,-0.22555460035800934
1735739969466907904,438,1735739969,,0.03615856543183327,-0.05269298702478409,0.6605095267295837,0.9708470106124878,0.03736180439591408,-0.00830262340605259,-0.23662477731704712
1735739969481582336,439,1735739969,,0.03613842651247978,-0.05519001558423042,0.659896731376648,0.9681342244148254,0.035978034138679504,-0.00830262340605259,-0.2476949393749237
1735739969486449920,440,1735739969,,0.03608345985412598,-0.05775248631834984,0.6592706441879272,0.964900016784668,0.03459426388144493,-0.009686394594609737,-0.2601488530635834
1735739969494999552,441,1735739969,,0.03599201887845993,-0.06037692725658417,0.6586428880691528,0.9619276523590088,0.031826723366975784,-0.01107016485184431,-0.27121904492378235
1735739969506497280,442,1735739969,,0.03586295619606972,-0.06305881589651108,0.6580122113227844,0.9583737850189209,0.03044295310974121,-0.01107016485184431,-0.2836729884147644
1735739969517893120,443,1735739969,,0.03569519519805908,-0.06579331308603287,0.6573758721351624,0.9546663165092468,0.027675412595272064,-0.012453935109078884,-0.2961269021034241
1735739969528817152,444,1735739969,,0.03548745810985565,-0.0685756504535675,0.656736433506012,0.9511820077896118,0.02629164233803749,-0.013837706297636032,-0.30719706416130066
1735739969537391872,445,1735739969,,0.03523831441998482,-0.07140075415372849,0.6560928225517273,0.9471209645271301,0.023524099960923195,-0.015221476554870605,-0.3196510076522827
1735739969545611008,446,1735739969,,0.03494621068239212,-0.07426320761442184,0.6554401516914368,0.942836344242096,0.02214032970368862,-0.01660524681210518,-0.33210495114326477
1735739969556162816,447,1735739969,,0.03460913151502609,-0.07715766876935959,0.6547811627388,0.9383924007415771,0.019372789189219475,-0.017989017069339752,-0.34455886483192444
1735739969566690816,448,1735739969,,0.034224774688482285,-0.08007872104644775,0.6541225910186768,0.934223473072052,0.017989017069339752,-0.020756559446454048,-0.3556290566921234
1735739969576458496,449,1735739969,,0.03379112854599953,-0.08302068710327148,0.6534608006477356,0.9294046759605408,0.015221476554870605,-0.02214032970368862,-0.3680829703807831
1735739969585164800,450,1735739969,,0.033306047320365906,-0.08597777783870697,0.6527939438819885,0.9243266582489014,0.013837706297636032,-0.024907870218157768,-0.38053691387176514
1735739969596159232,451,1735739969,,0.032766975462436676,-0.08894398808479309,0.6521288156509399,0.919099748134613,0.01107016485184431,-0.02629164233803749,-0.3929908573627472
1735739969605356032,452,1735739969,,0.032171618193387985,-0.09191303700208664,0.6514678001403809,0.9136061668395996,0.009686394594609737,-0.029059182852506638,-0.40544477105140686
1735739969616469760,453,1735739969,,0.031518224626779556,-0.0948786661028862,0.6508082151412964,0.908592700958252,0.006918853148818016,-0.03044295310974121,-0.41651496291160583
1735739969629435136,454,1735739969,,0.030804786831140518,-0.09783466905355453,0.6501548290252686,0.9027414321899414,0.005535082425922155,-0.031826723366975784,-0.4289688766002655
1735739969637487104,455,1735739969,,0.030029436573386192,-0.10077465325593948,0.6495132446289062,0.8966278433799744,0.0027675412129610777,-0.03459426388144493,-0.44142282009124756
1735739969646305024,456,1735739969,,0.029191482812166214,-0.10369245707988739,0.6488778591156006,0.8903367519378662,0.0013837706064805388,-0.035978034138679504,-0.4538767337799072
1735739969656444160,457,1735739969,,0.028290489688515663,-0.10658211261034012,0.6482452750205994,0.8845487833023071,-0.0013837706064805388,-0.03736180439591408,-0.4649469256401062
1735739969666869760,458,1735739969,,0.027325743809342384,-0.1094374805688858,0.6476197838783264,0.8778266310691833,-0.0027675412129610777,-0.03874557837843895,-0.47740083932876587
1735739969677031680,459,1735739969,,0.02629680000245571,-0.11225264519453049,0.6470032334327698,0.870870053768158,-0.004151311703026295,-0.040129344910383224,-0.4898547828197479
1735739969686166784,460,1735739969,,0.02520349621772766,-0.11502214521169662,0.6463947296142578,0.8644669055938721,-0.006918853148818016,-0.041513118892908096,-0.5009249448776245
1735739969695296256,461,1735739969,,0.024045012891292572,-0.11774032562971115,0.6458028554916382,0.8570490479469299,-0.00830262340605259,-0.04289688542485237,-0.5133788585662842
1735739969706310656,462,1735739969,,0.02282077632844448,-0.12040200084447861,0.6452307105064392,0.8501759171485901,-0.00830262340605259,-0.045664429664611816,-0.5244490504264832
1735739969715640320,463,1735739969,,0.0215309988707304,-0.1230030357837677,0.6446685791015625,0.8431558012962341,-0.009686394594609737,-0.04704819992184639,-0.5355192422866821
1735739969726803968,464,1735739969,,0.02017521671950817,-0.1255389302968979,0.6441168189048767,0.8350192904472351,-0.01107016485184431,-0.04843197017908096,-0.5479731559753418
1735739969739898624,465,1735739969,,0.01875341311097145,-0.1280057281255722,0.6435722708702087,0.8275468945503235,-0.012453935109078884,-0.049815740436315536,-0.5590433478355408
1735739969745705728,466,1735739969,,0.017266152426600456,-0.13040024042129517,0.6430249810218811,0.8199597001075745,-0.012453935109078884,-0.049815740436315536,-0.570113480091095
1735739969756174592,467,1735739969,,0.01571345143020153,-0.13271883130073547,0.6424738168716431,0.8120647072792053,-0.012453935109078884,-0.05119951069355011,-0.5811836123466492
1735739969766868480,468,1735739969,,0.014094632118940353,-0.13495755195617676,0.6419256329536438,0.8039147853851318,-0.013837706297636032,-0.05258328467607498,-0.5922538042068481
1735739969777610496,469,1735739969,,0.012409694492816925,-0.13711349666118622,0.6413772702217102,0.7955477833747864,-0.013837706297636032,-0.05396705120801926,-0.6033239960670471
1735739969786260480,470,1735739969,,0.010659548453986645,-0.1391848474740982,0.6408180594444275,0.7870298027992249,-0.013837706297636032,-0.05396705120801926,-0.6143941283226013
1735739969795268096,471,1735739969,,0.008844289928674698,-0.14116887748241425,0.6402533650398254,0.7782611846923828,-0.013837706297636032,-0.05396705120801926,-0.6254643201828003
1735739969806982400,472,1735739969,,0.0069639431312680244,-0.14306297898292542,0.6396916508674622,0.769135057926178,-0.013837706297636032,-0.05535082519054413,-0.6365344524383545
1735739969816281088,473,1735739969,,0.005019253585487604,-0.14486588537693024,0.6391322016716003,0.7610146999359131,-0.013837706297636032,-0.05535082519054413,-0.646220862865448
1735739969827482624,474,1735739969,,0.003011263208463788,-0.14657680690288544,0.6385735869407654,0.751474142074585,-0.013837706297636032,-0.05535082519054413,-0.6572909951210022
1735739969835694592,475,1735739969,,0.0009408004116266966,-0.1481943428516388,0.638022243976593,0.7429919838905334,-0.013837706297636032,-0.05396705120801926,-0.6669774651527405
1735739969848213248,476,1735739969,,-0.0011909286258742213,-0.14971715211868286,0.6374850869178772,0.7329034805297852,-0.013837706297636032,-0.05396705120801926,-0.6780475974082947
1735739969861398784,477,1735739969,,-0.0033820071257650852,-0.1511445790529251,0.6369633674621582,0.7237940430641174,-0.015221476554870605,-0.05396705120801926,-0.6877340078353882
1735739969867276032,478,1735739969,,-0.00563008850440383,-0.1524762362241745,0.6364566087722778,0.7132152915000916,-0.015221476554870605,-0.05258328467607498,-0.6988041400909424
1735739969875001088,479,1735739969,,-0.00793268159031868,-0.1537114679813385,0.6359671354293823,-0.7043392658233643,0.015221476554870605,0.05258328467607498,0.707749605178833
1735739969885731072,480,1735739969,,-0.010525507852435112,-0.1549580991268158,0.6354525685310364,-0.6932690739631653,0.015221476554870605,0.05119951069355011,0.718696653842926
1735739969896783104,481,1735739969,,-0.012933781370520592,-0.15598875284194946,0.6350067853927612,-0.6821988821029663,0.01660524681210518,0.05119951069355011,0.7291828393936157
1735739969906398464,482,1735739969,,-0.015387807972729206,-0.15692108869552612,0.6345815062522888,-0.6725125312805176,0.01660524681210518,0.05119951069355011,0.7381258606910706
1735739969915575808,483,1735739969,,-0.017884479835629463,-0.1577545553445816,0.6341742873191833,-0.6614423394203186,0.017989017069339752,0.049815740436315536,0.7481235265731812
1735739969926077696,484,1735739969,,-0.020420996472239494,-0.158488467335701,0.633784294128418,-0.6517559885978699,0.017989017069339752,0.049815740436315536,0.7565770745277405
1735739969937236480,485,1735739969,,-0.022994913160800934,-0.15912137925624847,0.6334176063537598,-0.6406857967376709,0.019372789189219475,0.049815740436315536,0.7659404873847961
1735739969945490944,486,1735739969,,-0.025603633373975754,-0.15965203940868378,0.6330782771110535,-0.6296156048774719,0.019372789189219475,0.049815740436315536,0.7750660181045532
1735739969956075520,487,1735739969,,-0.028244299814105034,-0.16008003056049347,0.632763683795929,-0.6199292540550232,0.019372789189219475,0.04843197017908096,0.7829219698905945
1735739969966616832,488,1735739969,,-0.030914306640625,-0.1604047417640686,0.6324756741523743,-0.6088590621948242,0.020756559446454048,0.04843197017908096,0.7915264964103699
1735739969976857856,489,1735739969,,-0.033611100167036057,-0.16062606871128082,0.6322129964828491,-0.5977888703346252,0.020756559446454048,0.04843197017908096,0.7999199628829956
1735739969984627712,490,1735739969,,-0.03633255884051323,-0.16074387729167938,0.6319791078567505,-0.586718738079071,0.020756559446454048,0.04704819992184639,0.8081563711166382
1735739969996810496,491,1735739969,,-0.03907640650868416,-0.16075879335403442,0.6317724585533142,-0.5756485462188721,0.020756559446454048,0.04704819992184639,0.8160786628723145
1735739970006591232,492,1735739970,,-0.0418400876224041,-0.1606723964214325,0.6315828561782837,-0.5645784139633179,0.020756559446454048,0.045664429664611816,0.8238538503646851
1735739970015972352,493,1735739970,,-0.04462149739265442,-0.1604858636856079,0.6314077973365784,-0.5535082221031189,0.019372789189219475,0.045664429664611816,0.831365168094635
1735739970026402048,494,1735739970,,-0.0474189817905426,-0.16020068526268005,0.6312460899353027,-0.5424380898475647,0.019372789189219475,0.04428065940737724,0.8387042284011841
1735739970036910336,495,1735739970,,-0.050231222063302994,-0.1598183810710907,0.6311013102531433,-0.5313678979873657,0.019372789189219475,0.04289688542485237,0.8458325266838074
1735739970047028992,496,1735739970,,-0.053056906908750534,-0.1593407541513443,0.6309774518013,-0.5202977061271667,0.017989017069339752,0.041513118892908096,0.8527856469154358
1735739970055015936,497,1735739970,,-0.05589447543025017,-0.158770352602005,0.6308731436729431,-0.5078437924385071,0.017989017069339752,0.041513118892908096,0.8602603077888489
1735739970065246208,498,1735739970,,-0.05874229595065117,-0.15810932219028473,0.6307904124259949,-0.4967736601829529,0.017989017069339752,0.040129344910383224,0.8667652606964111
1735739970075911680,499,1735739970,,-0.061598870903253555,-0.15735924243927002,0.6307337880134583,-0.4857034683227539,0.017989017069339752,0.03874557837843895,0.873079240322113
1735739970088301312,500,1735739970,,-0.06446264684200287,-0.15652187168598175,0.6307011246681213,-0.47324955463409424,0.017989017069339752,0.03874557837843895,0.8798920512199402
1735739970095386624,501,1735739970,,-0.0673319399356842,-0.15559837222099304,0.6306926012039185,-0.46217936277389526,0.017989017069339752,0.03874557837843895,0.8857569694519043
1735739970106631936,502,1735739970,,-0.07020509988069534,-0.15458959341049194,0.6307075023651123,-0.4497254192829132,0.017989017069339752,0.03736180439591408,0.8922037482261658
1735739970115854080,503,1735739970,,-0.07308052480220795,-0.15349635481834412,0.6307425498962402,-0.438655287027359,0.017989017069339752,0.03736180439591408,0.897698163986206
1735739970126644992,504,1735739970,,-0.07595659047365189,-0.15231943130493164,0.6307951211929321,-0.42620134353637695,0.017989017069339752,0.03736180439591408,0.9036774039268494
1735739970137635072,505,1735739970,,-0.07883167266845703,-0.1510598063468933,0.6308591961860657,-0.4137474000453949,0.017989017069339752,0.03736180439591408,0.9094468951225281
1735739970146394368,506,1735739970,,-0.08170399069786072,-0.149717777967453,0.630936324596405,-0.40129345655441284,0.017989017069339752,0.035978034138679504,0.9150658845901489
1735739970156900096,507,1735739970,,-0.08457139879465103,-0.14829355478286743,0.6310309767723083,-0.39022332429885864,0.019372789189219475,0.035978034138679504,0.9198130369186401
1735739970170314240,508,1735739970,,-0.08743178099393845,-0.14678792655467987,0.6311413645744324,-0.3777693510055542,0.019372789189219475,0.03459426388144493,0.9250503778457642
1735739970176060160,509,1735739970,,-0.09028291702270508,-0.1452021449804306,0.6312642097473145,-0.36531543731689453,0.019372789189219475,0.03459426388144493,0.9300390481948853
1735739970185169664,510,1735739970,,-0.0931222066283226,-0.14353735744953156,0.6314015984535217,-0.3528614938259125,0.020756559446454048,0.03321049362421036,0.934855580329895
1735739970198380032,511,1735739970,,-0.09594674408435822,-0.14179523289203644,0.6315541863441467,-0.33902379870414734,0.020756559446454048,0.031826723366975784,0.940010130405426
1735739970205961472,512,1735739970,,-0.09875340014696121,-0.13997821509838104,0.6317181587219238,-0.3265698552131653,0.02214032970368862,0.03044295310974121,0.9444231986999512
1735739970214964224,513,1735739970,,-0.10153888165950775,-0.13808903098106384,0.6318924427032471,-0.3141159117221832,0.02214032970368862,0.027675412595272064,0.9487228393554688
1735739970228223488,514,1735739970,,-0.1042998880147934,-0.13613057136535645,0.6320785284042358,-0.3002782166004181,0.023524099960923195,0.02629164233803749,0.953199028968811
1735739970238840320,515,1735739970,,-0.10703285783529282,-0.1341056227684021,0.6322828531265259,-0.28644049167633057,0.024907870218157768,0.024907870218157768,0.957450270652771
1735739970251682304,516,1735739970,,-0.10973411053419113,-0.1320171058177948,0.6325109004974365,-0.2739865779876709,0.024907870218157768,0.023524099960923195,0.9611230492591858
1735739970256796160,517,1735739970,,-0.11240033805370331,-0.1298682987689972,0.632758378982544,-0.2601488530635834,0.02629164233803749,0.02214032970368862,0.964956521987915
1735739970266969344,518,1735739970,,-0.11502832919359207,-0.12766236066818237,0.6330150365829468,-0.24631115794181824,0.027675412595272064,0.020756559446454048,0.9685732126235962
1735739970274794240,519,1735739970,,-0.11761415004730225,-0.12540169060230255,0.6332789659500122,-0.23385722935199738,0.03044295310974121,0.019372789189219475,0.971601128578186
1735739970284980992,520,1735739970,,-0.12015331536531448,-0.1230882778763771,0.6335532665252686,-0.22001951932907104,0.031826723366975784,0.019372789189219475,0.9747836589813232
1735739970296063488,521,1735739970,,-0.12264084815979004,-0.12072385102510452,0.633841872215271,-0.2061818242073059,0.03459426388144493,0.017989017069339752,0.9777365326881409
1735739970305355520,522,1735739970,,-0.12507162988185883,-0.11831021308898926,0.6341449022293091,-0.19234411418437958,0.035978034138679504,0.01660524681210518,0.9805272221565247
1735739970314257152,523,1735739970,,-0.12744086980819702,-0.11584950238466263,0.6344588398933411,-0.17850640416145325,0.03736180439591408,0.015221476554870605,0.9831113219261169
1735739970326778880,524,1735739970,,-0.12974391877651215,-0.113344207406044,0.634779691696167,-0.16466869413852692,0.040129344910383224,0.015221476554870605,0.9854146838188171
1735739970339782656,525,1735739970,,-0.13197650015354156,-0.11079706251621246,0.6351022124290466,-0.1494472175836563,0.041513118892908096,0.013837706297636032,0.9878009557723999
1735739970353244672,526,1735739970,,-0.13413409888744354,-0.10821029543876648,0.6354297995567322,-0.13560952246189117,0.04289688542485237,0.012453935109078884,0.9897549152374268
1735739970361099776,527,1735739970,,-0.13621199131011963,-0.1055857464671135,0.6357751488685608,-0.12177181243896484,0.04428065940737724,0.012453935109078884,0.9914916753768921
1735739970366940672,528,1735739970,,-0.138206347823143,-0.10292553901672363,0.6361480951309204,-0.10793410241603851,0.04428065940737724,0.012453935109078884,0.9930933117866516
1735739970374869248,529,1735739970,,-0.14011555910110474,-0.10023213922977448,0.6365423202514648,-0.09409639984369278,0.04428065940737724,0.012453935109078884,0.9944998621940613
1735739970384850176,530,1735739970,,-0.14193850755691528,-0.09750745445489883,0.6369518041610718,-0.07887492328882217,0.045664429664611816,0.012453935109078884,0.9957602024078369
1735739970394503424,531,1735739970,,-0.14367420971393585,-0.09475289285182953,0.6373723745346069,-0.06503721326589584,0.045664429664611816,0.012453935109078884,0.9967596530914307
1735739970404493568,532,1735739970,,-0.14532236754894257,-0.09196994453668594,0.6377972364425659,-0.05119951069355011,0.045664429664611816,0.01107016485184431,0.9975824952125549
1735739970416956416,533,1735739970,,-0.14688213169574738,-0.08915987610816956,0.6382289528846741,-0.035978034138679504,0.045664429664611816,0.012453935109078884,0.998231053352356
1735739970427684352,534,1735739970,,-0.14835281670093536,-0.08632388710975647,0.6386705040931702,-0.02214032970368862,0.045664429664611816,0.012453935109078884,0.9986338019371033
1735739970436146688,535,1735739970,,-0.1497344821691513,-0.08346324414014816,0.6391196250915527,-0.006918853148818016,0.04428065940737724,0.012453935109078884,0.9989175200462341
1735739970446662400,536,1735739970,,-0.1510268896818161,-0.08057896047830582,0.6395813822746277,0.006918853148818016,0.04428065940737724,0.012453935109078884,0.9989175200462341
1735739970457024512,537,1735739970,,-0.15222878754138947,-0.07767153531312943,0.6400740146636963,0.020756559446454048,0.04428065940737724,0.012453935109078884,0.9987258315086365
1735739970465129216,538,1735739970,,-0.15334060788154602,-0.0747414380311966,0.6405984163284302,0.035978034138679504,0.04289688542485237,0.012453935109078884,0.9983538389205933
1735739970478179328,539,1735739970,,-0.15436400473117828,-0.0717892125248909,0.6411452889442444,0.049815740436315536,0.04289688542485237,0.013837706297636032,0.9977408647537231
1735739970484766208,540,1735739970,,-0.15530019998550415,-0.0688149556517601,0.6417135000228882,0.06365344673395157,0.041513118892908096,0.015221476554870605,0.9969921112060547
1735739970495706368,541,1735739970,,-0.15615007281303406,-0.06581820547580719,0.6423039436340332,0.07887492328882217,0.041513118892908096,0.015221476554870605,0.995903491973877
1735739970505556992,542,1735739970,,-0.15691469609737396,-0.06279820203781128,0.6429130434989929,0.09271262586116791,0.040129344910383224,0.01660524681210518,0.9947453141212463
1735739970514385152,543,1735739970,,-0.1575952023267746,-0.059753648936748505,0.6435344219207764,0.10655033588409424,0.040129344910383224,0.019372789189219475,0.9933083057403564
1735739970527412480,544,1735739970,,-0.15819212794303894,-0.0566825270652771,0.6441690325737,0.12038803845643997,0.03874557837843895,0.020756559446454048,0.991753339767456
1735739970535653376,545,1735739970,,-0.1587061733007431,-0.053582485765218735,0.6448172330856323,0.1342257410287857,0.03736180439591408,0.02214032970368862,0.9899986386299133
1735739970548191744,546,1735739970,,-0.15917742252349854,-0.050135865807533264,0.6455422043800354,0.14806345105171204,0.035978034138679504,0.024907870218157768,0.9880092740058899
1735739970558874368,547,1735739970,,-0.15952159464359283,-0.04696644842624664,0.6462108492851257,0.16190116107463837,0.03459426388144493,0.02629164233803749,0.9858498573303223
1735739970566672640,548,1735739970,,-0.15978726744651794,-0.04375932738184929,0.6468896865844727,0.1757388561964035,0.03321049362421036,0.027675412595272064,0.9834871888160706
1735739970577275904,549,1735739970,,-0.1599767804145813,-0.040512192994356155,0.6475751399993896,0.18819279968738556,0.031826723366975784,0.027675412595272064,0.9812260866165161
1735739970585578240,550,1735739970,,-0.16009317338466644,-0.03722358122467995,0.6482584476470947,0.2020305097103119,0.029059182852506638,0.029059182852506638,0.9785166382789612
1735739970597874944,551,1735739970,,-0.16013890504837036,-0.03389216586947441,0.6489394307136536,0.21448443830013275,0.027675412595272064,0.029059182852506638,0.9759026765823364
1735739970610446848,552,1735739970,,-0.16011619567871094,-0.03051709197461605,0.6496237516403198,0.22832214832305908,0.02629164233803749,0.029059182852506638,0.972796618938446
1735739970615411968,553,1735739970,,-0.16002757847309113,-0.02709857188165188,0.6503141522407532,0.24077607691287994,0.024907870218157768,0.027675412595272064,0.9698662757873535
1735739970633511680,554,1735739970,,-0.1598760038614273,-0.023637764155864716,0.6510081887245178,0.2532300353050232,0.023524099960923195,0.02629164233803749,0.9667626023292542
1735739970638744320,555,1735739970,,-0.15966424345970154,-0.020136618986725807,0.6517031192779541,0.26568394899368286,0.02214032970368862,0.024907870218157768,0.963483989238739
1735739970660130816,556,1735739970,,-0.15939456224441528,-0.016597619280219078,0.6524015665054321,0.2781378924846649,0.02214032970368862,0.023524099960923195,0.9599977731704712
1735739970665576960,557,1735739970,,-0.15906928479671478,-0.013024363666772842,0.6531002521514893,0.29197558760643005,0.020756559446454048,0.020756559446454048,0.9559751749038696
1735739970670931200,558,1735739970,,-0.15869031846523285,-0.009421151131391525,0.6537957191467285,0.3044295310974121,0.020756559446454048,0.019372789189219475,0.9521116018295288
1735739970678784256,559,1735739970,,-0.15825890004634857,-0.005792517215013504,0.6544861793518066,0.3168834447860718,0.02214032970368862,0.01660524681210518,0.9480606317520142
1735739970685166848,560,1735739970,,-0.15777599811553955,-0.002143296180292964,0.6551673412322998,0.32933738827705383,0.02214032970368862,0.015221476554870605,0.9438299536705017
1735739970696515072,561,1735739970,,-0.15724201500415802,0.0015217335894703865,0.6558409929275513,0.3417913317680359,0.02214032970368862,0.012453935109078884,0.9394325017929077
1735739970706068736,562,1735739970,,-0.15665699541568756,0.0051979562267661095,0.6565138697624207,0.35424527525901794,0.023524099960923195,0.01107016485184431,0.934791088104248
1735739970727396864,563,1735739970,,-0.15602071583271027,0.008881084620952606,0.6571955680847168,0.36669921875,0.023524099960923195,0.009686394594609737,0.9299916625022888
1735739970735752192,564,1735739970,,-0.15533289313316345,0.012567441910505295,0.6578914523124695,0.37915313243865967,0.024907870218157768,0.009686394594609737,0.9249479174613953
1735739970741905920,565,1735739970,,-0.15459367632865906,0.01625397801399231,0.6585909724235535,0.3916070759296417,0.024907870218157768,0.00830262340605259,0.9197578430175781
1735739970747835904,566,1735739970,,-0.1538030058145523,0.01993817463517189,0.6592831015586853,0.4040610194206238,0.02629164233803749,0.00830262340605259,0.9143164157867432
1735739970756229632,567,1735739970,,-0.15296007692813873,0.023617634549736977,0.6599684953689575,0.41651496291160583,0.02629164233803749,0.006918853148818016,0.9087222814559937
1735739970769555968,568,1735739970,,-0.15206384658813477,0.02728988230228424,0.6606488823890686,0.4289688766002655,0.027675412595272064,0.006918853148818016,0.9028686881065369
1735739970774961152,569,1735739970,,-0.15111343562602997,0.030952509492635727,0.6613240242004395,0.44142282009124756,0.029059182852506638,0.006918853148818016,0.8968018889427185
1735739970784343808,570,1735739970,,-0.15010805428028107,0.03460313379764557,0.6619921922683716,0.45249298214912415,0.029059182852506638,0.005535082425922155,0.8912771940231323
1735739970795255040,571,1735739970,,-0.14904698729515076,0.03823953866958618,0.6626519560813904,0.4649469256401062,0.03044295310974121,0.005535082425922155,0.8847976922988892
1735739970806074112,572,1735739970,,-0.14792944490909576,0.041859664022922516,0.6633052825927734,0.4760170876979828,0.03044295310974121,0.005535082425922155,0.8788915276527405
1735739970814827264,573,1735739970,,-0.1467546820640564,0.045461393892765045,0.663955569267273,0.48847100138664246,0.03044295310974121,0.005535082425922155,0.8720313310623169
1735739970825284608,574,1735739970,,-0.145522341132164,0.04904257878661156,0.6646043658256531,0.49954119324684143,0.031826723366975784,0.004151311703026295,0.8656952977180481
1735739970834854144,575,1735739970,,-0.14423274993896484,0.052601203322410583,0.6652460694313049,0.5119951367378235,0.031826723366975784,0.0027675412129610777,0.8583940863609314
1735739970845387008,576,1735739970,,-0.14288635551929474,0.05613486468791962,0.6658784747123718,0.5230652689933777,0.031826723366975784,0.0013837706064805388,0.8516970276832581
1735739970856130048,577,1735739970,,-0.14148381352424622,0.05964033678174019,0.6665055155754089,0.5341354608535767,0.03321049362421036,0.0,0.8447462916374207
1735739970864291584,578,1735739970,,-0.14002670347690582,0.06311414390802383,0.6671243906021118,0.5465893745422363,0.03321049362421036,-0.0013837706064805388,0.8367408514022827
1735739970874925056,579,1735739970,,-0.13851727545261383,0.0665527731180191,0.667730450630188,0.5576595067977905,0.03321049362421036,-0.0027675412129610777,0.8294005990028381
1735739970886110720,580,1735739970,,-0.13695786893367767,0.06995238363742828,0.6683254837989807,0.5687296986579895,0.03321049362421036,-0.005535082425922155,0.8218351602554321
1735739970894676480,581,1735739970,,-0.13535088300704956,0.07330899685621262,0.668912410736084,0.5797998905181885,0.03321049362421036,-0.006918853148818016,0.814052402973175
1735739970906253824,582,1735739970,,-0.13369855284690857,0.07661867886781693,0.6694947481155396,0.5908700823783875,0.03321049362421036,-0.00830262340605259,0.8060401082038879
1735739970915285248,583,1735739970,,-0.13200287520885468,0.07987777888774872,0.6700738668441772,0.6019401550292969,0.03459426388144493,-0.009686394594609737,0.7977327108383179
1735739970926308608,584,1735739970,,-0.13026483356952667,0.08308235555887222,0.6706609725952148,0.6130103468894958,0.03459426388144493,-0.01107016485184431,0.7892395257949829
1735739970934216192,585,1735739970,,-0.12848176062107086,0.08622433990240097,0.6713370084762573,0.6171616911888123,0.03459426388144493,-0.005535082425922155,0.7860559821128845
1735739970944150016,586,1735739970,,-0.12664830684661865,0.08930567651987076,0.672131359577179,0.6199292540550232,0.03321049362421036,0.0027675412129610777,0.7839497327804565
1735739970954817536,587,1735739970,,-0.1247609481215477,0.09234268218278885,0.6729615330696106,0.6199292540550232,0.031826723366975784,0.012453935109078884,0.7839130759239197
1735739970965325568,588,1735739970,,-0.12281539291143417,0.0953529104590416,0.6737571358680725,0.6199292540550232,0.03044295310974121,0.023524099960923195,0.7837139964103699
1735739970977635840,589,1735739970,,-0.12080520391464233,0.09835278987884521,0.6744838953018188,0.6199292540550232,0.029059182852506638,0.03459426388144493,0.7833559513092041
1735739970984244224,590,1735739970,,-0.11872110515832901,0.10135912895202637,0.6751360893249512,0.618545413017273,0.027675412595272064,0.04704819992184639,0.7838507890701294
1735739970995453184,591,1735739970,,-0.11655177921056747,0.10439102351665497,0.6757139563560486,0.6157779097557068,0.024907870218157768,0.062269676476716995,0.7850602865219116
1735739971007358464,592,1735739971,,-0.11428536474704742,0.10747108608484268,0.6762028932571411,0.6116266250610352,0.02214032970368862,0.08164246380329132,0.7866111993789673
1735739971014425600,593,1735739971,,-0.1119111105799675,0.11062397807836533,0.6765651106834412,0.6060914993286133,0.019372789189219475,0.10239902138710022,0.7885380387306213
1735739971030533376,594,1735739971,,-0.10942036658525467,0.11387328803539276,0.6767449378967285,0.6005564332008362,0.015221476554870605,0.12730689346790314,0.7892358303070068
1735739971036211968,595,1735739971,,-0.10680267959833145,0.11724621802568436,0.6767041683197021,0.5908700823783875,0.009686394594609737,0.15221476554870605,0.792218029499054
1735739971046725888,596,1735739971,,-0.10404869168996811,0.12077264487743378,0.6764028072357178,0.5797998905181885,0.0027675412129610777,0.181273952126503,0.7943325042724609
1735739971056940800,597,1735739971,,-0.10115145146846771,0.12448260188102722,0.6758001446723938,0.5673459768295288,-0.004151311703026295,0.21033313870429993,0.7961540818214417
1735739971064465152,598,1735739971,,-0.09809969365596771,0.12841664254665375,0.6748756170272827,0.5535082221031189,-0.013837706297636032,0.2435436248779297,0.7963188290596008
1735739971074565632,599,1735739971,,-0.09492222219705582,0.13255558907985687,0.6734665632247925,0.5313678979873657,-0.02629164233803749,0.2739865779876709,0.8011792898178101
1735739971083990016,600,1735739971,,-0.09165916591882706,0.13685446977615356,0.6714200377464294,0.4953898787498474,-0.05119951069355011,0.2988944351673126,0.8140206336975098
1735739971094635264,601,1735739971,,-0.08829610794782639,0.1414000391960144,0.6687957048416138,0.4552605152130127,-0.08025868982076645,0.32241854071617126,0.8260403871536255
1735739971105897216,602,1735739971,,-0.08484207093715668,0.146297886967659,0.665658712387085,0.41513118147850037,-0.1134691834449768,0.34317508339881897,0.8348782658576965
1735739971115195136,603,1735739971,,-0.08133482187986374,0.15160495042800903,0.662003755569458,0.37085050344467163,-0.15083099901676178,0.3611641228199005,0.8421878218650818
1735739971125665024,604,1735739971,,-0.07782463729381561,0.1573646068572998,0.6578106880187988,0.3251860737800598,-0.19234411418437958,0.3777693510055542,0.8453094959259033
1735739971136535296,605,1735739971,,-0.07437275350093842,0.1636086106300354,0.6530492305755615,0.27537035942077637,-0.23524101078510284,0.39022332429885864,0.8464978337287903
1735739971144201728,606,1735739971,,-0.0710456594824791,0.17034703493118286,0.6476758718490601,0.2227870672941208,-0.28090542554855347,0.3999096751213074,0.8435225486755371
1735739971154914304,607,1735739971,,-0.06791801750659943,0.17759327590465546,0.6416548490524292,0.16743624210357666,-0.3265698552131653,0.40682855248451233,0.8365451097488403
1735739971165452800,608,1735739971,,-0.0650797113776207,0.18535928428173065,0.6349501013755798,0.10931787639856339,-0.3736180365085602,0.41097986698150635,0.8243510723114014
1735739971176201216,609,1735739971,,-0.06261750310659409,0.19362972676753998,0.6275142431259155,0.049815740436315536,-0.42205002903938293,0.41097986698150635,0.8065282106399536
1735739971190313472,610,1735739971,,-0.06061648577451706,0.20236991345882416,0.6192944049835205,-0.012453935109078884,-0.46771445870399475,0.4082123339176178,0.7838690876960754
1735739971198001920,611,1735739971,,-0.05915471166372299,0.21152575314044952,0.6102340221405029,-0.07472360879182816,-0.5133788585662842,0.40129345655441284,0.7548655867576599
1735739971204845824,612,1735739971,,-0.058255866169929504,0.22200055420398712,0.59923255443573,-0.1452959030866623,-0.5618108510971069,0.3888395428657532,0.7155846953392029
1735739971213876480,613,1735739971,,-0.058163296431303024,0.2317839413881302,0.5882189869880676,-0.21033313870429993,-0.6019401550292969,0.37500181794166565,0.6729053854942322
1735739971225608192,614,1735739971,,-0.058842577040195465,0.24172765016555786,0.5761904120445251,0.27675411105155945,0.6369690299034119,-0.3556290566921234,-0.6254643201828003
1735739971236996608,615,1735739971,,-0.060370080173015594,0.25171002745628357,0.5630917549133301,0.3417913317680359,0.666852593421936,-0.33210495114326477,-0.5728809833526611
1735739971245505536,616,1735739971,,-0.06276609748601913,0.2615978419780731,0.5488824248313904,0.4082123339176178,0.6876392960548401,-0.3044295310974121,-0.5175302028656006
